model_id,encoder,classifier,target_positive_cases,k,metric,estimate,ci_95_lower,ci_95_upper
bit50__gradient_boosting,bit50,gradient_boosting,398,1,hit_rate,0.34673366834170855,,
bit50__gradient_boosting,bit50,gradient_boosting,398,1,recall_at_k,0.17885259631490788,,
bit50__gradient_boosting,bit50,gradient_boosting,398,1,precision_at_k,0.34673366834170855,,
bit50__gradient_boosting,bit50,gradient_boosting,398,3,hit_rate,0.6683417085427136,,
bit50__gradient_boosting,bit50,gradient_boosting,398,3,recall_at_k,0.432286432160804,,
bit50__gradient_boosting,bit50,gradient_boosting,398,3,precision_at_k,0.29564489112227804,,
bit50__gradient_boosting,bit50,gradient_boosting,398,5,hit_rate,0.7914572864321608,,
bit50__gradient_boosting,bit50,gradient_boosting,398,5,recall_at_k,0.5961892797319933,,
bit50__gradient_boosting,bit50,gradient_boosting,398,5,precision_at_k,0.24371859296482415,,
bit50__knn,bit50,knn,398,1,hit_rate,0.3768844221105528,,
bit50__knn,bit50,knn,398,1,recall_at_k,0.18207705192629817,,
bit50__knn,bit50,knn,398,1,precision_at_k,0.3768844221105528,,
bit50__knn,bit50,knn,398,3,hit_rate,0.6180904522613065,,
bit50__knn,bit50,knn,398,3,recall_at_k,0.39794807370184254,,
bit50__knn,bit50,knn,398,3,precision_at_k,0.26968174204355105,,
bit50__knn,bit50,knn,398,5,hit_rate,0.7537688442211056,,
bit50__knn,bit50,knn,398,5,recall_at_k,0.5471943048576214,,
bit50__knn,bit50,knn,398,5,precision_at_k,0.21959798994974875,,
bit50__logistic,bit50,logistic,398,1,hit_rate,0.32663316582914576,,
bit50__logistic,bit50,logistic,398,1,recall_at_k,0.16587102177554436,,
bit50__logistic,bit50,logistic,398,1,precision_at_k,0.32663316582914576,,
bit50__logistic,bit50,logistic,398,3,hit_rate,0.6206030150753769,,
bit50__logistic,bit50,logistic,398,3,recall_at_k,0.38559463986599657,,
bit50__logistic,bit50,logistic,398,3,precision_at_k,0.2596314907872697,,
bit50__logistic,bit50,logistic,398,5,hit_rate,0.7788944723618091,,
bit50__logistic,bit50,logistic,398,5,recall_at_k,0.5582077051926299,,
bit50__logistic,bit50,logistic,398,5,precision_at_k,0.22160804020100502,,
bit50__mil,bit50,mil,398,1,hit_rate,0.1407035175879397,,
bit50__mil,bit50,mil,398,1,recall_at_k,0.08391959798994975,,
bit50__mil,bit50,mil,398,1,precision_at_k,0.1407035175879397,,
bit50__mil,bit50,mil,398,3,hit_rate,0.3241206030150754,,
bit50__mil,bit50,mil,398,3,recall_at_k,0.20908710217755444,,
bit50__mil,bit50,mil,398,3,precision_at_k,0.13316582914572864,,
bit50__mil,bit50,mil,398,5,hit_rate,0.5025125628140703,,
bit50__mil,bit50,mil,398,5,recall_at_k,0.3389865996649916,,
bit50__mil,bit50,mil,398,5,precision_at_k,0.12613065326633166,,
bit50__random_forest,bit50,random_forest,398,1,hit_rate,0.457286432160804,,
bit50__random_forest,bit50,random_forest,398,1,recall_at_k,0.23128140703517588,,
bit50__random_forest,bit50,random_forest,398,1,precision_at_k,0.457286432160804,,
bit50__random_forest,bit50,random_forest,398,3,hit_rate,0.7236180904522613,,
bit50__random_forest,bit50,random_forest,398,3,recall_at_k,0.4984505862646566,,
bit50__random_forest,bit50,random_forest,398,3,precision_at_k,0.3417085427135678,,
bit50__random_forest,bit50,random_forest,398,5,hit_rate,0.8140703517587939,,
bit50__random_forest,bit50,random_forest,398,5,recall_at_k,0.6363902847571189,,
bit50__random_forest,bit50,random_forest,398,5,precision_at_k,0.2597989949748744,,
bit50__svm_linear,bit50,svm_linear,398,1,hit_rate,0.40703517587939697,,
bit50__svm_linear,bit50,svm_linear,398,1,recall_at_k,0.20217755443886098,,
bit50__svm_linear,bit50,svm_linear,398,1,precision_at_k,0.40703517587939697,,
bit50__svm_linear,bit50,svm_linear,398,3,hit_rate,0.6934673366834171,,
bit50__svm_linear,bit50,svm_linear,398,3,recall_at_k,0.45104690117252927,,
bit50__svm_linear,bit50,svm_linear,398,3,precision_at_k,0.31239530988274705,,
bit50__svm_linear,bit50,svm_linear,398,5,hit_rate,0.7713567839195979,,
bit50__svm_linear,bit50,svm_linear,398,5,recall_at_k,0.5877303182579565,,
bit50__svm_linear,bit50,svm_linear,398,5,precision_at_k,0.23969849246231156,,
clip_vitb32__gradient_boosting,clip_vitb32,gradient_boosting,398,1,hit_rate,0.4120603015075377,,
clip_vitb32__gradient_boosting,clip_vitb32,gradient_boosting,398,1,recall_at_k,0.21474036850921274,,
clip_vitb32__gradient_boosting,clip_vitb32,gradient_boosting,398,1,precision_at_k,0.4120603015075377,,
clip_vitb32__gradient_boosting,clip_vitb32,gradient_boosting,398,3,hit_rate,0.7512562814070352,,
clip_vitb32__gradient_boosting,clip_vitb32,gradient_boosting,398,3,recall_at_k,0.5067001675041877,,
clip_vitb32__gradient_boosting,clip_vitb32,gradient_boosting,398,3,precision_at_k,0.3375209380234505,,
clip_vitb32__gradient_boosting,clip_vitb32,gradient_boosting,398,5,hit_rate,0.8492462311557789,,
clip_vitb32__gradient_boosting,clip_vitb32,gradient_boosting,398,5,recall_at_k,0.6717755443886098,,
clip_vitb32__gradient_boosting,clip_vitb32,gradient_boosting,398,5,precision_at_k,0.2703517587939699,,
clip_vitb32__knn,clip_vitb32,knn,398,1,hit_rate,0.3869346733668342,,
clip_vitb32__knn,clip_vitb32,knn,398,1,recall_at_k,0.20531825795644892,,
clip_vitb32__knn,clip_vitb32,knn,398,1,precision_at_k,0.3869346733668342,,
clip_vitb32__knn,clip_vitb32,knn,398,3,hit_rate,0.678391959798995,,
clip_vitb32__knn,clip_vitb32,knn,398,3,recall_at_k,0.44221105527638194,,
clip_vitb32__knn,clip_vitb32,knn,398,3,precision_at_k,0.2981574539363484,,
clip_vitb32__knn,clip_vitb32,knn,398,5,hit_rate,0.7638190954773869,,
clip_vitb32__knn,clip_vitb32,knn,398,5,recall_at_k,0.5657453936348409,,
clip_vitb32__knn,clip_vitb32,knn,398,5,precision_at_k,0.22914572864321608,,
clip_vitb32__logistic,clip_vitb32,logistic,398,1,hit_rate,0.3241206030150754,,
clip_vitb32__logistic,clip_vitb32,logistic,398,1,recall_at_k,0.17319932998324958,,
clip_vitb32__logistic,clip_vitb32,logistic,398,1,precision_at_k,0.3241206030150754,,
clip_vitb32__logistic,clip_vitb32,logistic,398,3,hit_rate,0.6633165829145728,,
clip_vitb32__logistic,clip_vitb32,logistic,398,3,recall_at_k,0.45096314907872703,,
clip_vitb32__logistic,clip_vitb32,logistic,398,3,precision_at_k,0.2906197654941373,,
clip_vitb32__logistic,clip_vitb32,logistic,398,5,hit_rate,0.8140703517587939,,
clip_vitb32__logistic,clip_vitb32,logistic,398,5,recall_at_k,0.624036850921273,,
clip_vitb32__logistic,clip_vitb32,logistic,398,5,precision_at_k,0.24924623115577893,,
clip_vitb32__mil,clip_vitb32,mil,398,1,hit_rate,0.2135678391959799,,
clip_vitb32__mil,clip_vitb32,mil,398,1,recall_at_k,0.12223618090452261,,
clip_vitb32__mil,clip_vitb32,mil,398,1,precision_at_k,0.2135678391959799,,
clip_vitb32__mil,clip_vitb32,mil,398,3,hit_rate,0.5100502512562815,,
clip_vitb32__mil,clip_vitb32,mil,398,3,recall_at_k,0.3420854271356784,,
clip_vitb32__mil,clip_vitb32,mil,398,3,precision_at_k,0.20519262981574538,,
clip_vitb32__mil,clip_vitb32,mil,398,5,hit_rate,0.6733668341708543,,
clip_vitb32__mil,clip_vitb32,mil,398,5,recall_at_k,0.47851758793969845,,
clip_vitb32__mil,clip_vitb32,mil,398,5,precision_at_k,0.18241206030150753,,
clip_vitb32__random_forest,clip_vitb32,random_forest,398,1,hit_rate,0.5025125628140703,,
clip_vitb32__random_forest,clip_vitb32,random_forest,398,1,recall_at_k,0.2608040201005025,,
clip_vitb32__random_forest,clip_vitb32,random_forest,398,1,precision_at_k,0.5025125628140703,,
clip_vitb32__random_forest,clip_vitb32,random_forest,398,3,hit_rate,0.7914572864321608,,
clip_vitb32__random_forest,clip_vitb32,random_forest,398,3,recall_at_k,0.5619765494137354,,
clip_vitb32__random_forest,clip_vitb32,random_forest,398,3,precision_at_k,0.3693467336683417,,
clip_vitb32__random_forest,clip_vitb32,random_forest,398,5,hit_rate,0.864321608040201,,
clip_vitb32__random_forest,clip_vitb32,random_forest,398,5,recall_at_k,0.7057788944723618,,
clip_vitb32__random_forest,clip_vitb32,random_forest,398,5,precision_at_k,0.2814070351758794,,
clip_vitb32__svm_linear,clip_vitb32,svm_linear,398,1,hit_rate,0.45226130653266333,,
clip_vitb32__svm_linear,clip_vitb32,svm_linear,398,1,recall_at_k,0.22479061976549414,,
clip_vitb32__svm_linear,clip_vitb32,svm_linear,398,1,precision_at_k,0.45226130653266333,,
clip_vitb32__svm_linear,clip_vitb32,svm_linear,398,3,hit_rate,0.7286432160804021,,
clip_vitb32__svm_linear,clip_vitb32,svm_linear,398,3,recall_at_k,0.48463149078726964,,
clip_vitb32__svm_linear,clip_vitb32,svm_linear,398,3,precision_at_k,0.3274706867671691,,
clip_vitb32__svm_linear,clip_vitb32,svm_linear,398,5,hit_rate,0.7839195979899497,,
clip_vitb32__svm_linear,clip_vitb32,svm_linear,398,5,recall_at_k,0.6266331658291456,,
clip_vitb32__svm_linear,clip_vitb32,svm_linear,398,5,precision_at_k,0.25577889447236185,,
derm_foundation__gradient_boosting,derm_foundation,gradient_boosting,398,1,hit_rate,0.5477386934673367,,
derm_foundation__gradient_boosting,derm_foundation,gradient_boosting,398,1,recall_at_k,0.3156616415410385,,
derm_foundation__gradient_boosting,derm_foundation,gradient_boosting,398,1,precision_at_k,0.5477386934673367,,
derm_foundation__gradient_boosting,derm_foundation,gradient_boosting,398,3,hit_rate,0.8015075376884422,,
derm_foundation__gradient_boosting,derm_foundation,gradient_boosting,398,3,recall_at_k,0.583961474036851,,
derm_foundation__gradient_boosting,derm_foundation,gradient_boosting,398,3,precision_at_k,0.38190954773869346,,
derm_foundation__gradient_boosting,derm_foundation,gradient_boosting,398,5,hit_rate,0.8743718592964824,,
derm_foundation__gradient_boosting,derm_foundation,gradient_boosting,398,5,recall_at_k,0.7148659966499162,,
derm_foundation__gradient_boosting,derm_foundation,gradient_boosting,398,5,precision_at_k,0.285427135678392,,
derm_foundation__knn,derm_foundation,knn,398,1,hit_rate,0.507537688442211,,
derm_foundation__knn,derm_foundation,knn,398,1,recall_at_k,0.27872696817420434,,
derm_foundation__knn,derm_foundation,knn,398,1,precision_at_k,0.507537688442211,,
derm_foundation__knn,derm_foundation,knn,398,3,hit_rate,0.7788944723618091,,
derm_foundation__knn,derm_foundation,knn,398,3,recall_at_k,0.5456867671691792,,
derm_foundation__knn,derm_foundation,knn,398,3,precision_at_k,0.3492462311557789,,
derm_foundation__knn,derm_foundation,knn,398,5,hit_rate,0.8492462311557789,,
derm_foundation__knn,derm_foundation,knn,398,5,recall_at_k,0.6634003350083751,,
derm_foundation__knn,derm_foundation,knn,398,5,precision_at_k,0.2618090452261307,,
derm_foundation__logistic,derm_foundation,logistic,398,1,hit_rate,0.45979899497487436,,
derm_foundation__logistic,derm_foundation,logistic,398,1,recall_at_k,0.2543132328308208,,
derm_foundation__logistic,derm_foundation,logistic,398,1,precision_at_k,0.45979899497487436,,
derm_foundation__logistic,derm_foundation,logistic,398,3,hit_rate,0.7286432160804021,,
derm_foundation__logistic,derm_foundation,logistic,398,3,recall_at_k,0.5038525963149079,,
derm_foundation__logistic,derm_foundation,logistic,398,3,precision_at_k,0.32077051926298156,,
derm_foundation__logistic,derm_foundation,logistic,398,5,hit_rate,0.8291457286432161,,
derm_foundation__logistic,derm_foundation,logistic,398,5,recall_at_k,0.6450167504187604,,
derm_foundation__logistic,derm_foundation,logistic,398,5,precision_at_k,0.25025125628140704,,
derm_foundation__mil,derm_foundation,mil,398,1,hit_rate,0.3693467336683417,0.32160804020100503,0.41708542713567837
derm_foundation__mil,derm_foundation,mil,398,1,recall_at_k,0.22721943048576212,0.19416561976549412,0.2613159547738694
derm_foundation__mil,derm_foundation,mil,398,1,precision_at_k,0.3693467336683417,0.32160804020100503,0.41708542713567837
derm_foundation__mil,derm_foundation,mil,398,3,hit_rate,0.6934673366834171,0.6482412060301508,0.7386934673366834
derm_foundation__mil,derm_foundation,mil,398,3,recall_at_k,0.47148241206030145,0.42997801507537686,0.5106030150753769
derm_foundation__mil,derm_foundation,mil,398,3,precision_at_k,0.2822445561139028,0.25961055276381906,0.30402010050251255
derm_foundation__mil,derm_foundation,mil,398,5,hit_rate,0.8391959798994975,0.7989949748743719,0.8743718592964824
derm_foundation__mil,derm_foundation,mil,398,5,recall_at_k,0.658500837520938,0.62017797319933,0.6954376046901173
derm_foundation__mil,derm_foundation,mil,398,5,precision_at_k,0.24723618090452262,0.22913316582914572,0.2638190954773869
derm_foundation__random_forest,derm_foundation,random_forest,398,1,hit_rate,0.6180904522613065,0.5703517587939698,0.6683417085427136
derm_foundation__random_forest,derm_foundation,random_forest,398,1,recall_at_k,0.3506281407035176,0.31707495812395314,0.38827889447236175
derm_foundation__random_forest,derm_foundation,random_forest,398,1,precision_at_k,0.6180904522613065,0.5703517587939698,0.6683417085427136
derm_foundation__random_forest,derm_foundation,random_forest,398,3,hit_rate,0.8417085427135679,0.8064698492462311,0.8768844221105527
derm_foundation__random_forest,derm_foundation,random_forest,398,3,recall_at_k,0.6419597989949749,0.6075376884422111,0.6784526800670017
derm_foundation__random_forest,derm_foundation,random_forest,398,3,precision_at_k,0.41708542713567837,0.39195979899497485,0.4422319932998325
derm_foundation__random_forest,derm_foundation,random_forest,398,5,hit_rate,0.907035175879397,0.8793969849246231,0.9346733668341709
derm_foundation__random_forest,derm_foundation,random_forest,398,5,recall_at_k,0.7705192629815745,0.7412039363484088,0.8006375628140704
derm_foundation__random_forest,derm_foundation,random_forest,398,5,precision_at_k,0.30552763819095485,0.28793969849246237,0.3226130653266332
derm_foundation__svm_linear,derm_foundation,svm_linear,398,1,hit_rate,0.43467336683417085,,
derm_foundation__svm_linear,derm_foundation,svm_linear,398,1,recall_at_k,0.21599664991624792,,
derm_foundation__svm_linear,derm_foundation,svm_linear,398,1,precision_at_k,0.43467336683417085,,
derm_foundation__svm_linear,derm_foundation,svm_linear,398,3,hit_rate,0.7286432160804021,,
derm_foundation__svm_linear,derm_foundation,svm_linear,398,3,recall_at_k,0.5003350083752094,,
derm_foundation__svm_linear,derm_foundation,svm_linear,398,3,precision_at_k,0.3316582914572864,,
derm_foundation__svm_linear,derm_foundation,svm_linear,398,5,hit_rate,0.7989949748743719,,
derm_foundation__svm_linear,derm_foundation,svm_linear,398,5,recall_at_k,0.633500837520938,,
derm_foundation__svm_linear,derm_foundation,svm_linear,398,5,precision_at_k,0.25125628140703515,,
inception_v3__gradient_boosting,inception_v3,gradient_boosting,398,1,hit_rate,0.2964824120603015,,
inception_v3__gradient_boosting,inception_v3,gradient_boosting,398,1,recall_at_k,0.15100502512562813,,
inception_v3__gradient_boosting,inception_v3,gradient_boosting,398,1,precision_at_k,0.2964824120603015,,
inception_v3__gradient_boosting,inception_v3,gradient_boosting,398,3,hit_rate,0.6331658291457286,,
inception_v3__gradient_boosting,inception_v3,gradient_boosting,398,3,recall_at_k,0.3998743718592964,,
inception_v3__gradient_boosting,inception_v3,gradient_boosting,398,3,precision_at_k,0.2780569514237856,,
inception_v3__gradient_boosting,inception_v3,gradient_boosting,398,5,hit_rate,0.7286432160804021,,
inception_v3__gradient_boosting,inception_v3,gradient_boosting,398,5,recall_at_k,0.5434254606365159,,
inception_v3__gradient_boosting,inception_v3,gradient_boosting,398,5,precision_at_k,0.22663316582914575,,
inception_v3__knn,inception_v3,knn,398,1,hit_rate,0.3417085427135678,,
inception_v3__knn,inception_v3,knn,398,1,recall_at_k,0.16637353433835847,,
inception_v3__knn,inception_v3,knn,398,1,precision_at_k,0.3417085427135678,,
inception_v3__knn,inception_v3,knn,398,3,hit_rate,0.6030150753768844,,
inception_v3__knn,inception_v3,knn,398,3,recall_at_k,0.3937604690117253,,
inception_v3__knn,inception_v3,knn,398,3,precision_at_k,0.2721943048576214,,
inception_v3__knn,inception_v3,knn,398,5,hit_rate,0.7185929648241206,,
inception_v3__knn,inception_v3,knn,398,5,recall_at_k,0.5227805695142378,,
inception_v3__knn,inception_v3,knn,398,5,precision_at_k,0.21256281407035177,,
inception_v3__logistic,inception_v3,logistic,398,1,hit_rate,0.2964824120603015,,
inception_v3__logistic,inception_v3,logistic,398,1,recall_at_k,0.1507118927973199,,
inception_v3__logistic,inception_v3,logistic,398,1,precision_at_k,0.2964824120603015,,
inception_v3__logistic,inception_v3,logistic,398,3,hit_rate,0.535175879396985,,
inception_v3__logistic,inception_v3,logistic,398,3,recall_at_k,0.3302763819095477,,
inception_v3__logistic,inception_v3,logistic,398,3,precision_at_k,0.228643216080402,,
inception_v3__logistic,inception_v3,logistic,398,5,hit_rate,0.6733668341708543,,
inception_v3__logistic,inception_v3,logistic,398,5,recall_at_k,0.44288107202680066,,
inception_v3__logistic,inception_v3,logistic,398,5,precision_at_k,0.18291457286432156,,
inception_v3__mil,inception_v3,mil,398,1,hit_rate,0.12562814070351758,,
inception_v3__mil,inception_v3,mil,398,1,recall_at_k,0.06926298157453936,,
inception_v3__mil,inception_v3,mil,398,1,precision_at_k,0.12562814070351758,,
inception_v3__mil,inception_v3,mil,398,3,hit_rate,0.3391959798994975,,
inception_v3__mil,inception_v3,mil,398,3,recall_at_k,0.20749581239530987,,
inception_v3__mil,inception_v3,mil,398,3,precision_at_k,0.13567839195979897,,
inception_v3__mil,inception_v3,mil,398,5,hit_rate,0.507537688442211,,
inception_v3__mil,inception_v3,mil,398,5,recall_at_k,0.3311139028475712,,
inception_v3__mil,inception_v3,mil,398,5,precision_at_k,0.1306532663316583,,
inception_v3__random_forest,inception_v3,random_forest,398,1,hit_rate,0.41959798994974873,,
inception_v3__random_forest,inception_v3,random_forest,398,1,recall_at_k,0.19945561139028473,,
inception_v3__random_forest,inception_v3,random_forest,398,1,precision_at_k,0.41959798994974873,,
inception_v3__random_forest,inception_v3,random_forest,398,3,hit_rate,0.6959798994974874,,
inception_v3__random_forest,inception_v3,random_forest,398,3,recall_at_k,0.4541876046901172,,
inception_v3__random_forest,inception_v3,random_forest,398,3,precision_at_k,0.314070351758794,,
inception_v3__random_forest,inception_v3,random_forest,398,5,hit_rate,0.7839195979899497,,
inception_v3__random_forest,inception_v3,random_forest,398,5,recall_at_k,0.6119765494137354,,
inception_v3__random_forest,inception_v3,random_forest,398,5,precision_at_k,0.24974874371859299,,
inception_v3__svm_linear,inception_v3,svm_linear,398,1,hit_rate,0.40703517587939697,,
inception_v3__svm_linear,inception_v3,svm_linear,398,1,recall_at_k,0.2007118927973199,,
inception_v3__svm_linear,inception_v3,svm_linear,398,1,precision_at_k,0.40703517587939697,,
inception_v3__svm_linear,inception_v3,svm_linear,398,3,hit_rate,0.6683417085427136,,
inception_v3__svm_linear,inception_v3,svm_linear,398,3,recall_at_k,0.4280150753768845,,
inception_v3__svm_linear,inception_v3,svm_linear,398,3,precision_at_k,0.2981574539363484,,
inception_v3__svm_linear,inception_v3,svm_linear,398,5,hit_rate,0.7412060301507538,,
inception_v3__svm_linear,inception_v3,svm_linear,398,5,recall_at_k,0.5554020100502512,,
inception_v3__svm_linear,inception_v3,svm_linear,398,5,precision_at_k,0.22914572864321608,,
resnet50__gradient_boosting,resnet50,gradient_boosting,398,1,hit_rate,0.35175879396984927,,
resnet50__gradient_boosting,resnet50,gradient_boosting,398,1,recall_at_k,0.1742462311557789,,
resnet50__gradient_boosting,resnet50,gradient_boosting,398,1,precision_at_k,0.35175879396984927,,
resnet50__gradient_boosting,resnet50,gradient_boosting,398,3,hit_rate,0.6532663316582915,,
resnet50__gradient_boosting,resnet50,gradient_boosting,398,3,recall_at_k,0.4230318257956449,,
resnet50__gradient_boosting,resnet50,gradient_boosting,398,3,precision_at_k,0.28643216080402006,,
resnet50__gradient_boosting,resnet50,gradient_boosting,398,5,hit_rate,0.7462311557788944,,
resnet50__gradient_boosting,resnet50,gradient_boosting,398,5,recall_at_k,0.5609296482412061,,
resnet50__gradient_boosting,resnet50,gradient_boosting,398,5,precision_at_k,0.23015075376884425,,
resnet50__knn,resnet50,knn,398,1,hit_rate,0.34673366834170855,,
resnet50__knn,resnet50,knn,398,1,recall_at_k,0.16344221105527637,,
resnet50__knn,resnet50,knn,398,1,precision_at_k,0.34673366834170855,,
resnet50__knn,resnet50,knn,398,3,hit_rate,0.5879396984924623,,
resnet50__knn,resnet50,knn,398,3,recall_at_k,0.35113065326633164,,
resnet50__knn,resnet50,knn,398,3,precision_at_k,0.24288107202680068,,
resnet50__knn,resnet50,knn,398,5,hit_rate,0.6934673366834171,,
resnet50__knn,resnet50,knn,398,5,recall_at_k,0.48023450586264654,,
resnet50__knn,resnet50,knn,398,5,precision_at_k,0.19999999999999998,,
resnet50__logistic,resnet50,logistic,398,1,hit_rate,0.2537688442211055,,
resnet50__logistic,resnet50,logistic,398,1,recall_at_k,0.1321608040201005,,
resnet50__logistic,resnet50,logistic,398,1,precision_at_k,0.2537688442211055,,
resnet50__logistic,resnet50,logistic,398,3,hit_rate,0.5376884422110553,,
resnet50__logistic,resnet50,logistic,398,3,recall_at_k,0.31859296482412064,,
resnet50__logistic,resnet50,logistic,398,3,precision_at_k,0.22026800670016747,,
resnet50__logistic,resnet50,logistic,398,5,hit_rate,0.6633165829145728,,
resnet50__logistic,resnet50,logistic,398,5,recall_at_k,0.4394891122278057,,
resnet50__logistic,resnet50,logistic,398,5,precision_at_k,0.17889447236180903,,
resnet50__mil,resnet50,mil,398,1,hit_rate,0.1658291457286432,,
resnet50__mil,resnet50,mil,398,1,recall_at_k,0.09179229480737018,,
resnet50__mil,resnet50,mil,398,1,precision_at_k,0.1658291457286432,,
resnet50__mil,resnet50,mil,398,3,hit_rate,0.35678391959798994,,
resnet50__mil,resnet50,mil,398,3,recall_at_k,0.22537688442211057,,
resnet50__mil,resnet50,mil,398,3,precision_at_k,0.13902847571189278,,
resnet50__mil,resnet50,mil,398,5,hit_rate,0.535175879396985,,
resnet50__mil,resnet50,mil,398,5,recall_at_k,0.36746231155778897,,
resnet50__mil,resnet50,mil,398,5,precision_at_k,0.1371859296482412,,
resnet50__random_forest,resnet50,random_forest,398,1,hit_rate,0.4221105527638191,,
resnet50__random_forest,resnet50,random_forest,398,1,recall_at_k,0.20824958123953097,,
resnet50__random_forest,resnet50,random_forest,398,1,precision_at_k,0.4221105527638191,,
resnet50__random_forest,resnet50,random_forest,398,3,hit_rate,0.6934673366834171,,
resnet50__random_forest,resnet50,random_forest,398,3,recall_at_k,0.4603433835845896,,
resnet50__random_forest,resnet50,random_forest,398,3,precision_at_k,0.31490787269681736,,
resnet50__random_forest,resnet50,random_forest,398,5,hit_rate,0.8090452261306532,,
resnet50__random_forest,resnet50,random_forest,398,5,recall_at_k,0.6262562814070352,,
resnet50__random_forest,resnet50,random_forest,398,5,precision_at_k,0.25326633165829143,,
resnet50__svm_linear,resnet50,svm_linear,398,1,hit_rate,0.4045226130653266,,
resnet50__svm_linear,resnet50,svm_linear,398,1,recall_at_k,0.19987437185929646,,
resnet50__svm_linear,resnet50,svm_linear,398,1,precision_at_k,0.4045226130653266,,
resnet50__svm_linear,resnet50,svm_linear,398,3,hit_rate,0.6658291457286433,,
resnet50__svm_linear,resnet50,svm_linear,398,3,recall_at_k,0.41566164154103846,,
resnet50__svm_linear,resnet50,svm_linear,398,3,precision_at_k,0.29396984924623115,,
resnet50__svm_linear,resnet50,svm_linear,398,5,hit_rate,0.7386934673366834,,
resnet50__svm_linear,resnet50,svm_linear,398,5,recall_at_k,0.5468174204355108,,
resnet50__svm_linear,resnet50,svm_linear,398,5,precision_at_k,0.22462311557788947,,
siglip2_so400m__gradient_boosting,siglip2_so400m,gradient_boosting,398,1,hit_rate,0.5100502512562815,,
siglip2_so400m__gradient_boosting,siglip2_so400m,gradient_boosting,398,1,recall_at_k,0.2744137353433836,,
siglip2_so400m__gradient_boosting,siglip2_so400m,gradient_boosting,398,1,precision_at_k,0.5100502512562815,,
siglip2_so400m__gradient_boosting,siglip2_so400m,gradient_boosting,398,3,hit_rate,0.7914572864321608,,
siglip2_so400m__gradient_boosting,siglip2_so400m,gradient_boosting,398,3,recall_at_k,0.5688860971524289,,
siglip2_so400m__gradient_boosting,siglip2_so400m,gradient_boosting,398,3,precision_at_k,0.36767169179229475,,
siglip2_so400m__gradient_boosting,siglip2_so400m,gradient_boosting,398,5,hit_rate,0.8869346733668342,,
siglip2_so400m__gradient_boosting,siglip2_so400m,gradient_boosting,398,5,recall_at_k,0.7144472361809046,,
siglip2_so400m__gradient_boosting,siglip2_so400m,gradient_boosting,398,5,precision_at_k,0.28241206030150756,,
siglip2_so400m__knn,siglip2_so400m,knn,398,1,hit_rate,0.4899497487437186,,
siglip2_so400m__knn,siglip2_so400m,knn,398,1,recall_at_k,0.26813232830820766,,
siglip2_so400m__knn,siglip2_so400m,knn,398,1,precision_at_k,0.4899497487437186,,
siglip2_so400m__knn,siglip2_so400m,knn,398,3,hit_rate,0.7336683417085427,,
siglip2_so400m__knn,siglip2_so400m,knn,398,3,recall_at_k,0.5175041876046901,,
siglip2_so400m__knn,siglip2_so400m,knn,398,3,precision_at_k,0.340033500837521,,
siglip2_so400m__knn,siglip2_so400m,knn,398,5,hit_rate,0.8165829145728644,,
siglip2_so400m__knn,siglip2_so400m,knn,398,5,recall_at_k,0.6280988274706868,,
siglip2_so400m__knn,siglip2_so400m,knn,398,5,precision_at_k,0.2527638190954774,,
siglip2_so400m__logistic,siglip2_so400m,logistic,398,1,hit_rate,0.45226130653266333,,
siglip2_so400m__logistic,siglip2_so400m,logistic,398,1,recall_at_k,0.24740368509212732,,
siglip2_so400m__logistic,siglip2_so400m,logistic,398,1,precision_at_k,0.45226130653266333,,
siglip2_so400m__logistic,siglip2_so400m,logistic,398,3,hit_rate,0.7638190954773869,,
siglip2_so400m__logistic,siglip2_so400m,logistic,398,3,recall_at_k,0.5229480737018425,,
siglip2_so400m__logistic,siglip2_so400m,logistic,398,3,precision_at_k,0.33584589614740373,,
siglip2_so400m__logistic,siglip2_so400m,logistic,398,5,hit_rate,0.8743718592964824,,
siglip2_so400m__logistic,siglip2_so400m,logistic,398,5,recall_at_k,0.6822026800670017,,
siglip2_so400m__logistic,siglip2_so400m,logistic,398,5,precision_at_k,0.2693467336683417,,
siglip2_so400m__mil,siglip2_so400m,mil,398,1,hit_rate,0.5025125628140703,0.457286432160804,0.5527638190954773
siglip2_so400m__mil,siglip2_so400m,mil,398,1,recall_at_k,0.3020519262981574,0.268213986599665,0.33624685929648235
siglip2_so400m__mil,siglip2_so400m,mil,398,1,precision_at_k,0.5025125628140703,0.457286432160804,0.5527638190954773
siglip2_so400m__mil,siglip2_so400m,mil,398,3,hit_rate,0.7889447236180904,0.7461683417085426,0.8291457286432161
siglip2_so400m__mil,siglip2_so400m,mil,398,3,recall_at_k,0.5818676716917923,0.5419493299832495,0.6189290201005024
siglip2_so400m__mil,siglip2_so400m,mil,398,3,precision_at_k,0.3726968174204355,0.34673366834170855,0.3961474036850921
siglip2_so400m__mil,siglip2_so400m,mil,398,5,hit_rate,0.9195979899497487,0.8919597989949749,0.9447236180904522
siglip2_so400m__mil,siglip2_so400m,mil,398,5,recall_at_k,0.7707705192629816,0.7393896566164153,0.8013871440536015
siglip2_so400m__mil,siglip2_so400m,mil,398,5,precision_at_k,0.3030150753768845,0.28692211055276384,0.31810301507537697
siglip2_so400m__random_forest,siglip2_so400m,random_forest,398,1,hit_rate,0.5879396984924623,0.5376884422110553,0.635678391959799
siglip2_so400m__random_forest,siglip2_so400m,random_forest,398,1,recall_at_k,0.3156616415410385,0.2864688023450586,0.3476559882747069
siglip2_so400m__random_forest,siglip2_so400m,random_forest,398,1,precision_at_k,0.5879396984924623,0.5376884422110553,0.635678391959799
siglip2_so400m__random_forest,siglip2_so400m,random_forest,398,3,hit_rate,0.8467336683417085,0.8090452261306532,0.8819095477386935
siglip2_so400m__random_forest,siglip2_so400m,random_forest,398,3,recall_at_k,0.6185929648241206,0.5833741624790619,0.6533678810720269
siglip2_so400m__random_forest,siglip2_so400m,random_forest,398,3,precision_at_k,0.3961474036850921,0.37185929648241206,0.42043551088777215
siglip2_so400m__random_forest,siglip2_so400m,random_forest,398,5,hit_rate,0.8994974874371859,0.8717964824120602,0.9271356783919598
siglip2_so400m__random_forest,siglip2_so400m,random_forest,398,5,recall_at_k,0.7540201005025127,0.7237395309882746,0.7851821608040201
siglip2_so400m__random_forest,siglip2_so400m,random_forest,398,5,precision_at_k,0.29949748743718596,0.28341708542713573,0.3165954773869348
siglip2_so400m__svm_linear,siglip2_so400m,svm_linear,398,1,hit_rate,0.457286432160804,,
siglip2_so400m__svm_linear,siglip2_so400m,svm_linear,398,1,recall_at_k,0.23086264656616415,,
siglip2_so400m__svm_linear,siglip2_so400m,svm_linear,398,1,precision_at_k,0.457286432160804,,
siglip2_so400m__svm_linear,siglip2_so400m,svm_linear,398,3,hit_rate,0.7537688442211056,,
siglip2_so400m__svm_linear,siglip2_so400m,svm_linear,398,3,recall_at_k,0.5268006700167505,,
siglip2_so400m__svm_linear,siglip2_so400m,svm_linear,398,3,precision_at_k,0.3484087102177555,,
siglip2_so400m__svm_linear,siglip2_so400m,svm_linear,398,5,hit_rate,0.8417085427135679,,
siglip2_so400m__svm_linear,siglip2_so400m,svm_linear,398,5,recall_at_k,0.6769681742043553,,
siglip2_so400m__svm_linear,siglip2_so400m,svm_linear,398,5,precision_at_k,0.271356783919598,,
vit_base__gradient_boosting,vit_base,gradient_boosting,398,1,hit_rate,0.3743718592964824,,
vit_base__gradient_boosting,vit_base,gradient_boosting,398,1,recall_at_k,0.18333333333333335,,
vit_base__gradient_boosting,vit_base,gradient_boosting,398,1,precision_at_k,0.3743718592964824,,
vit_base__gradient_boosting,vit_base,gradient_boosting,398,3,hit_rate,0.7085427135678392,,
vit_base__gradient_boosting,vit_base,gradient_boosting,398,3,recall_at_k,0.46013400335008375,,
vit_base__gradient_boosting,vit_base,gradient_boosting,398,3,precision_at_k,0.3174204355108878,,
vit_base__gradient_boosting,vit_base,gradient_boosting,398,5,hit_rate,0.8065326633165829,,
vit_base__gradient_boosting,vit_base,gradient_boosting,398,5,recall_at_k,0.6196398659966499,,
vit_base__gradient_boosting,vit_base,gradient_boosting,398,5,precision_at_k,0.2537688442211055,,
vit_base__knn,vit_base,knn,398,1,hit_rate,0.3693467336683417,,
vit_base__knn,vit_base,knn,398,1,recall_at_k,0.18542713567839195,,
vit_base__knn,vit_base,knn,398,1,precision_at_k,0.3693467336683417,,
vit_base__knn,vit_base,knn,398,3,hit_rate,0.6231155778894473,,
vit_base__knn,vit_base,knn,398,3,recall_at_k,0.4107621440536014,,
vit_base__knn,vit_base,knn,398,3,precision_at_k,0.27805695142378556,,
vit_base__knn,vit_base,knn,398,5,hit_rate,0.7412060301507538,,
vit_base__knn,vit_base,knn,398,5,recall_at_k,0.538107202680067,,
vit_base__knn,vit_base,knn,398,5,precision_at_k,0.21758793969849244,,
vit_base__logistic,vit_base,logistic,398,1,hit_rate,0.34673366834170855,,
vit_base__logistic,vit_base,logistic,398,1,recall_at_k,0.18316582914572865,,
vit_base__logistic,vit_base,logistic,398,1,precision_at_k,0.34673366834170855,,
vit_base__logistic,vit_base,logistic,398,3,hit_rate,0.6507537688442211,,
vit_base__logistic,vit_base,logistic,398,3,recall_at_k,0.42432998324958127,,
vit_base__logistic,vit_base,logistic,398,3,precision_at_k,0.28559463986599665,,
vit_base__logistic,vit_base,logistic,398,5,hit_rate,0.7989949748743719,,
vit_base__logistic,vit_base,logistic,398,5,recall_at_k,0.6088358458961474,,
vit_base__logistic,vit_base,logistic,398,5,precision_at_k,0.24572864321608043,,
vit_base__mil,vit_base,mil,398,1,hit_rate,0.19095477386934673,,
vit_base__mil,vit_base,mil,398,1,recall_at_k,0.10737018425460637,,
vit_base__mil,vit_base,mil,398,1,precision_at_k,0.19095477386934673,,
vit_base__mil,vit_base,mil,398,3,hit_rate,0.44221105527638194,,
vit_base__mil,vit_base,mil,398,3,recall_at_k,0.28149078726968174,,
vit_base__mil,vit_base,mil,398,3,precision_at_k,0.1775544388609715,,
vit_base__mil,vit_base,mil,398,5,hit_rate,0.5804020100502513,,
vit_base__mil,vit_base,mil,398,5,recall_at_k,0.39095477386934663,,
vit_base__mil,vit_base,mil,398,5,precision_at_k,0.15577889447236182,,
vit_base__random_forest,vit_base,random_forest,398,1,hit_rate,0.4547738693467337,,
vit_base__random_forest,vit_base,random_forest,398,1,recall_at_k,0.22102177554438862,,
vit_base__random_forest,vit_base,random_forest,398,1,precision_at_k,0.4547738693467337,,
vit_base__random_forest,vit_base,random_forest,398,3,hit_rate,0.7487437185929648,,
vit_base__random_forest,vit_base,random_forest,398,3,recall_at_k,0.5182160804020101,,
vit_base__random_forest,vit_base,random_forest,398,3,precision_at_k,0.34757118927973196,,
vit_base__random_forest,vit_base,random_forest,398,5,hit_rate,0.8417085427135679,,
vit_base__random_forest,vit_base,random_forest,398,5,recall_at_k,0.6764656616415411,,
vit_base__random_forest,vit_base,random_forest,398,5,precision_at_k,0.2698492462311558,,
vit_base__svm_linear,vit_base,svm_linear,398,1,hit_rate,0.42462311557788945,,
vit_base__svm_linear,vit_base,svm_linear,398,1,recall_at_k,0.20908710217755444,,
vit_base__svm_linear,vit_base,svm_linear,398,1,precision_at_k,0.42462311557788945,,
vit_base__svm_linear,vit_base,svm_linear,398,3,hit_rate,0.7010050251256281,,
vit_base__svm_linear,vit_base,svm_linear,398,3,recall_at_k,0.4598408710217755,,
vit_base__svm_linear,vit_base,svm_linear,398,3,precision_at_k,0.314070351758794,,
vit_base__svm_linear,vit_base,svm_linear,398,5,hit_rate,0.7562814070351759,,
vit_base__svm_linear,vit_base,svm_linear,398,5,recall_at_k,0.5850083752093802,,
vit_base__svm_linear,vit_base,svm_linear,398,5,precision_at_k,0.23969849246231156,,
