encoder,classifier,split,subset_accuracy,precision_micro,recall_micro,f1_micro,precision_macro,recall_macro,f1_macro,auc_micro,auc_macro,pr_auc_micro,pr_auc_macro,brier_macro,ece_macro,seed,auc_weighted,label_ranking_average_precision,coverage_error,ranking_loss,top1_hit,top3_hit,top5_hit
bit50,gradient_boosting,train,0.5556814961745536,0.999087591240876,0.2908366533864542,0.4505245834190495,0.9993220338983052,0.5466847847382497,0.6370880253321474,0.9883690339282228,0.987964323816448,0.8901480541594218,0.950021782544916,0.0191212691816962,0.0368516543990906,,,,,,,,
bit50,gradient_boosting,validation,0.4363395225464191,0.0963855421686747,0.0099502487562189,0.0180383314543404,0.0983333333333333,0.0159926014338674,0.0249123831868929,0.7919695824325123,0.6939601542603142,0.1426625053216,0.1060413964143448,0.0406242825042657,0.0160903018060255,,,,,,,,
bit50,gradient_boosting,test,0.4293333333333333,0.0491803278688524,0.0037359900373599,0.0069444444444444,0.0613333333333333,0.0054848484848484,0.0091512195121951,0.7855901779704056,0.693242186834835,0.1374173286498901,0.0965322177449577,0.0405759173123055,0.0185618047794003,,,,,,,,
bit50,knn,train,0.998299801643525,0.999734113267748,0.99867197875166,0.9992027637523252,0.9999460188933872,0.9993615904206448,0.9996529314016872,0.9999999355329492,0.9999997707878456,0.9999982380423464,0.9999955586291382,3.967129498502194e-05,8.274439527257728e-09,,,,,,,,
bit50,knn,validation,0.4297082228116711,0.2692307692307692,0.0435323383084577,0.0749464668094218,0.0492521367521367,0.0150937776523919,0.0228871072969037,0.7096266699308511,0.6014433632136921,0.123813300072797,0.0807696712383656,0.0424228970851499,0.0337487641991146,,,,,,,,
bit50,knn,test,0.4186666666666667,0.2867647058823529,0.0485678704856787,0.0830670926517571,0.0804935064935064,0.0143894822799281,0.0226380415118832,0.7116241533376155,0.5889979064145314,0.1307077021255096,0.0911061599786593,0.042341812499914,0.0329164873972685,,,,,,,,
bit50,logistic,train,0.826579767639558,0.8524552547039926,0.9867197875166004,0.9146866921088268,0.971481121100176,0.9971405140866804,0.982267913862972,0.9989666419176084,0.9971062656043264,0.9714791237941854,0.9825887799211914,0.0075467349494966,0.0190444499946038,,,,,,,,
bit50,logistic,validation,0.1538461538461538,0.164824120603015,0.2039800995024875,0.1823235130628126,0.0939956322611233,0.107941436898776,0.0987567852135694,0.7301900670646545,0.6748943037683537,0.1198604775104318,0.0960629191220994,0.0641617550964157,0.0693935555047664,,,,,,,,
bit50,logistic,test,0.1626666666666666,0.1821903787103377,0.2216687422166874,0.2,0.1312246408427431,0.1389718987833145,0.1309856959762387,0.7413295103522263,0.6905739298573386,0.125983334818928,0.1101590373839569,0.062504801457071,0.067059734269679,,,,,,,,
bit50,random_forest,train,0.9980164352507792,0.9978796713490592,1.0,0.998938710533298,0.999037075546365,1.0,0.9995166565291782,0.9999968914302532,0.9999997707878456,0.9999197523621828,0.9999955586291382,0.0044075744737024,0.0451046453805383,,,,,,,,
bit50,random_forest,validation,0.4655172413793103,0.3703703703703703,0.0124378109452736,0.0240673886883273,0.0591666666666666,0.0043068126841711,0.0079719887955182,0.8120652693531125,0.7139944568739519,0.1857220670458604,0.1437383330351879,0.0407143265243478,0.0445962513509887,,,,,,,,
bit50,random_forest,test,0.4653333333333333,0.4827586206896552,0.0174346201743462,0.0336538461538461,0.0738461538461538,0.011014208721215,0.0188652132181543,0.8189604009758634,0.7323337889791064,0.2087161116699882,0.1430883957695336,0.0403223787564547,0.044880248744209,,,,,,,,
bit50,svm_linear,train,0.4729385094927741,0.0,0.0,0.0,0.0,0.0,0.0,0.91537347806658,0.9797591123667884,0.3353506505206567,0.916425852081878,0.0356388598320063,0.0292909210226625,,,,,,,,
bit50,svm_linear,validation,0.4721485411140583,0.0,0.0,0.0,0.0,0.0,0.0,0.7835067569169556,0.6670454620355377,0.1578843993157913,0.096578859025146,0.0381722794160414,0.0035696257135368,,,,,,,,
bit50,svm_linear,test,0.4693333333333333,0.0,0.0,0.0,0.0,0.0,0.0,0.7870691418019893,0.6833515873554541,0.158453747885841,0.1114976732049763,0.0382666425594929,0.0047310129594065,,,,,,,,
clip_vitb32,gradient_boosting,train,0.5619155568149617,0.9938217122683142,0.299070385126162,0.4597795018374846,0.9945641025641028,0.5322822716148048,0.6357868930872015,0.9887843353871592,0.986469247696052,0.8727781636689451,0.9445165525658454,0.019383822234624,0.035249402539017,,,,,,,,
clip_vitb32,gradient_boosting,validation,0.4336870026525199,0.25,0.0248756218905472,0.0452488687782805,0.1953333333333333,0.0273581688569383,0.0432145332250595,0.8135796414138993,0.7421060852243678,0.1626699411300265,0.1235781988831719,0.0394207020043357,0.0162475288779786,,,,,,,,
clip_vitb32,gradient_boosting,test,0.4306666666666666,0.0833333333333333,0.0074719800747198,0.0137142857142857,0.0826666666666666,0.008200259039075,0.0134550028587764,0.8249765238604523,0.76649274855262,0.1746553777590381,0.1328796329219358,0.0391501946802844,0.0177453888657466,,,,,,,,
clip_vitb32,knn,train,0.998299801643525,0.999734113267748,0.99867197875166,0.9992027637523252,0.9999460188933872,0.9993615904206448,0.9996529314016872,0.9999999355329492,0.9999997707878456,0.9999981675717176,0.999995558629138,3.96712949856228e-05,1.2325966443516154e-08,,,,,,,,
clip_vitb32,knn,validation,0.4230769230769231,0.2388059701492537,0.0398009950248756,0.068230277185501,0.1139203747072599,0.0245565369640841,0.0397789966192957,0.7322126070302374,0.6401072488327363,0.1426557702404549,0.1028716827251439,0.0412378859620376,0.0314794563380628,,,,,,,,
clip_vitb32,knn,test,0.4026666666666667,0.3060109289617486,0.0697384806973848,0.1135902636916835,0.1953060908754582,0.032076659028709,0.0512308511744822,0.7279059741492887,0.6198896315999066,0.1468484145750914,0.1042955480713308,0.0417812488915466,0.0325800404445285,,,,,,,,
clip_vitb32,logistic,train,0.2230093510909606,0.360495920313659,0.903585657370518,0.5153764581124072,0.4394703784674497,0.971112300583555,0.5931949792423838,0.9716089450706136,0.9701116421661876,0.5379807907220469,0.6589832367908345,0.0547849631020702,0.0996579157466861,,,,,,,,
clip_vitb32,logistic,validation,0.0901856763925729,0.1636736788096459,0.3967661691542288,0.2317471848892117,0.1184343251094813,0.2721316340851132,0.1622712732418249,0.7958790911892935,0.715169266995463,0.1381724238257504,0.1259577047711419,0.0830076784243622,0.1057227088734862,,,,,,,,
clip_vitb32,logistic,test,0.1,0.1727362204724409,0.4371108343711083,0.2476190476190476,0.1223754284839852,0.2959239545096836,0.170169878132779,0.8082888102584606,0.7284337186100015,0.1440873072698667,0.1335384073447952,0.0841510354667034,0.1093285551765708,,,,,,,,
clip_vitb32,random_forest,train,0.9977330688580336,0.9976152623211448,1.0,0.9988062077198568,0.998237075546365,1.0,0.9991126161251378,0.9999970423774946,0.9999997707878456,0.999924385722379,0.9999955586291382,0.004541454045765,0.0431290212163197,,,,,,,,
clip_vitb32,random_forest,validation,0.4549071618037135,0.3720930232558139,0.0398009950248756,0.0719101123595505,0.1762365591397849,0.0190057281574515,0.0331500478871585,0.8436789233484577,0.7822659417856578,0.2041054921698646,0.1451144647359803,0.0398097542513661,0.0417542668625647,,,,,,,,
clip_vitb32,random_forest,test,0.44,0.3596491228070175,0.0510585305105853,0.089422028353326,0.121840888066605,0.0196399333150925,0.0323641788731302,0.8502813840753329,0.7882640747444046,0.2307175905762747,0.172120522171145,0.0394099594941178,0.0432614560291853,,,,,,,,
clip_vitb32,svm_linear,train,0.4729385094927741,0.0,0.0,0.0,0.0,0.0,0.0,0.9072161130519364,0.9690492646660558,0.3065047292722782,0.6712476775049538,0.0351813240716985,0.0204921752180326,,,,,,,,
clip_vitb32,svm_linear,validation,0.4721485411140583,0.0,0.0,0.0,0.0,0.0,0.0,0.8092556308560268,0.7078550346309178,0.1949602865219195,0.1247345064141496,0.0373724336477338,0.0059167759307294,,,,,,,,
clip_vitb32,svm_linear,test,0.4693333333333333,0.0,0.0,0.0,0.0,0.0,0.0,0.8129786951908555,0.7246747863838174,0.199880740606536,0.1279297448753078,0.0374164896515432,0.0071152420646648,,,,,,,,
derm_foundation,gradient_boosting,train,0.6528761688863701,0.9862941486557724,0.496945551128818,0.6608972094666196,0.9937456625739766,0.7096016320853948,0.7991690075425839,0.992578042082204,0.9894144036451392,0.9124012931876,0.956177083300459,0.015259905581232,0.0285141630880102,,,,,,,,
derm_foundation,gradient_boosting,validation,0.4111405835543766,0.328042328042328,0.0771144278606965,0.1248741188318227,0.2380891330891331,0.0728458575166546,0.106013148912262,0.8518336983485544,0.8080142968172385,0.2208068276477063,0.1973082097950216,0.0379061310523968,0.0190886570309689,,,,,,,,
derm_foundation,gradient_boosting,test,0.4266666666666667,0.3482587064676617,0.087173100871731,0.1394422310756972,0.269626092861387,0.0620157986413067,0.095637405721604,0.8476200263387959,0.8152786534057822,0.2351287055998986,0.2010171671045687,0.0375886269101808,0.0176693637002292,,,,,,,,
derm_foundation,knn,train,0.998299801643525,0.9989381470666312,0.999468791500664,0.9992033988316515,0.9995871543052068,0.9997219811877408,0.9996539118639624,0.9999999355329492,0.9999997707878456,0.9999978863241524,0.9999954527014344,3.967129498453208e-05,2.4057862616785047e-09,,,,,,,,
derm_foundation,knn,validation,0.3859416445623342,0.3346153846153846,0.1082089552238805,0.1635338345864661,0.2220815678843848,0.0819831392665576,0.1136243076277854,0.7740568877875944,0.6919056479889325,0.1878191820436499,0.1744079065374115,0.0400899156165919,0.029987593625969,,,,,,,,
derm_foundation,knn,test,0.3946666666666666,0.3571428571428571,0.1183063511830635,0.1777362020579981,0.2592366937410416,0.0752018879345706,0.1132108492145984,0.7814562055244858,0.6932363900026676,0.2026525096089432,0.1637455344020239,0.0395040678391896,0.0283172897678573,,,,,,,,
derm_foundation,logistic,train,0.9980164352507792,0.9978796713490592,1.0,0.998938710533298,0.999037075546365,1.0,0.9995166565291782,0.9999999009408732,0.9999997707878456,0.9999974615890462,0.9999955586291382,0.0001420650783928,0.0041012455858064,,,,,,,,
derm_foundation,logistic,validation,0.2519893899204244,0.2581032412965186,0.267412935323383,0.2626756261453879,0.2058753200739047,0.2089279393364199,0.2052075834773373,0.7574647542515728,0.7477825009319021,0.1682676856174683,0.1733619394656891,0.0535126768175015,0.0513892449593248,,,,,,,,
derm_foundation,logistic,test,0.2333333333333333,0.254739336492891,0.2677459526774595,0.2610807528840316,0.1920698522192211,0.1939019566161423,0.1903373003724322,0.7668348015996457,0.7348754178052027,0.1754401239110135,0.1592652205862345,0.0536527647684763,0.0506160970730254,,,,,,,,
derm_foundation,random_forest,train,0.99659960328705,0.9965590259396506,1.0,0.9982765477926554,0.9975589690731036,1.0,0.998772922455106,0.999997432324534,0.9999997707878456,0.9999354524560607,0.9999955586291382,0.0044786042612496,0.0371041268985204,,,,,,,,
derm_foundation,random_forest,validation,0.4217506631299735,0.4524714828897338,0.1480099502487562,0.2230552952202436,0.3386939486431923,0.1044189565672802,0.1540358992765794,0.8873624783099905,0.8443203412643128,0.3032408126599543,0.2508947083915651,0.0369072721088602,0.036781721711823,,,,,,,,
derm_foundation,random_forest,test,0.4146666666666667,0.4645161290322581,0.1793275217932752,0.2587601078167116,0.2949672633980242,0.1125981464759392,0.1561438558298095,0.8863059564966472,0.8465170780474071,0.3148367002413682,0.2511226021981036,0.0365089668019145,0.0369466402331437,,,,,,,,
derm_foundation,svm_linear,train,0.47322187588552,1.0,0.0005312084993359,0.0010618529333687,0.04,0.0008,0.0015686274509803,0.931049610068684,0.957338441075927,0.507860288378385,0.8248190179156206,0.0333256235121323,0.0360542261118333,,,,,,,,
derm_foundation,svm_linear,validation,0.4694960212201591,0.0,0.0,0.0,0.0,0.0,0.0,0.8064879663524338,0.7174325297521026,0.1736828237457572,0.131233802650473,0.0377829214778636,0.0062077404974918,,,,,,,,
derm_foundation,svm_linear,test,0.4693333333333333,0.0,0.0,0.0,0.0,0.0,0.0,0.7969867482370431,0.6993601055661159,0.1794127630811111,0.124014635696305,0.0377917570445202,0.0077161515166273,,,,,,,,
inception_v3,gradient_boosting,train,0.5434967412864834,0.997997997997998,0.2648074369189907,0.4185558354324097,0.9986190476190476,0.5248676113816788,0.6111087269345516,0.9892852931159568,0.9897485811766756,0.8904449242672168,0.9608650576705228,0.0195128212505062,0.0393368009877476,,,,,,,,
inception_v3,gradient_boosting,validation,0.4177718832891247,0.0337078651685393,0.003731343283582,0.0067189249720044,0.025,0.0077522477522477,0.0110468899521531,0.7695898623914673,0.64716025683678,0.1191974135240648,0.0754544890949882,0.0418962834968433,0.0181597971632173,,,,,,,,
inception_v3,gradient_boosting,test,0.4053333333333333,0.010204081632653,0.0012453300124533,0.002219755826859,0.005,0.0002547770700636,0.0004848484848484,0.7657566651384826,0.6564679780612935,0.1202536224167187,0.0729685202560728,0.0426200569887566,0.0206746985149149,,,,,,,,
inception_v3,knn,train,0.9985831680362708,0.9994685091682168,0.998937583001328,0.9992029755579172,0.9998806594162633,0.9994268432754572,0.9996530915965908,0.9999999323882148,0.9999997707878456,0.9999981673841362,0.9999955586291382,4.0930701535044814e-05,3.7877829833240746e-06,,,,,,,,
inception_v3,knn,validation,0.4283819628647214,0.2333333333333333,0.0348258706467661,0.0606060606060606,0.0653430860327412,0.0101122128677098,0.0163593122016357,0.6945688616101583,0.5961997978184619,0.1174803752497682,0.0745859089142427,0.0426215709309769,0.0332019283052144,,,,,,,,
inception_v3,knn,test,0.4053333333333333,0.2232142857142857,0.0311332503113325,0.0546448087431694,0.0694615384615384,0.0114252583934112,0.0185832018376111,0.7048813855602643,0.5793556204615713,0.1196243660079521,0.0806950483394644,0.0427749253922219,0.0342082427687297,,,,,,,,
inception_v3,logistic,train,0.799659960328705,0.8328840970350404,0.9848605577689244,0.9025191675794084,0.9627308572343334,0.9967285393060272,0.9770638124246008,0.9986916569258524,0.996388939004465,0.964064680832931,0.9790931788187724,0.0086990926575944,0.021497751543842,,,,,,,,
inception_v3,logistic,validation,0.1618037135278514,0.1510516252390057,0.1965174129353233,0.1708108108108108,0.0805188544914946,0.0993609864562897,0.0878258774342422,0.7085518186524984,0.6373188233201271,0.1035972672578208,0.0846279532927191,0.067866399248861,0.0751956784867376,,,,,,,,
inception_v3,logistic,test,0.1426666666666666,0.1365953109072375,0.1668742216687422,0.1502242152466367,0.0765299748364415,0.0874145666117956,0.0804520651549014,0.7037401395183174,0.6355753306655343,0.0991461148787115,0.0801930070633587,0.0687129011310739,0.0767060446970497,,,,,,,,
inception_v3,random_forest,train,0.9948994049305752,0.9949788583509512,1.0,0.9974831103457412,0.9935370755463652,1.0,0.99656363639495,0.9999966587199234,0.9999997707878456,0.9999135716592872,0.9999955586291382,0.0043781590261861,0.0461977924162048,,,,,,,,
inception_v3,random_forest,validation,0.4602122015915119,0.3478260869565217,0.0099502487562189,0.0193470374848851,0.034,0.0020686985970004,0.0037345522261723,0.7984191036395106,0.6843448014309312,0.1711676047044717,0.1000702581244997,0.0411190207542298,0.0456615008951949,,,,,,,,
inception_v3,random_forest,test,0.46,0.32,0.0099626400996264,0.0193236714975845,0.0311111111111111,0.0021969622733953,0.0040504201680672,0.7982379416465015,0.685212071355265,0.181553274201641,0.112666845312756,0.040993712928878,0.0456897352336838,,,,,,,,
inception_v3,svm_linear,train,0.4729385094927741,0.0,0.0,0.0,0.0,0.0,0.0,0.8806857108624465,0.971503768394032,0.2960499051437312,0.8933248065826583,0.0366964861971675,0.0188332891687087,,,,,,,,
inception_v3,svm_linear,validation,0.4721485411140583,0.0,0.0,0.0,0.0,0.0,0.0,0.7692258120899438,0.6199018122477602,0.1544234973875219,0.0792032072750761,0.0383439888747956,0.0038873280648327,,,,,,,,
inception_v3,svm_linear,test,0.4693333333333333,0.0,0.0,0.0,0.0,0.0,0.0,0.7687829759702725,0.6348320645836707,0.149581479770961,0.0803704247393943,0.0384869341777293,0.0035276318753262,,,,,,,,
resnet50,gradient_boosting,train,0.5412298101445169,1.0,0.250730411686587,0.4009343809726056,1.0,0.5073744215148964,0.5934270279503531,0.983030948272582,0.9830760643311404,0.8566417155170803,0.9369401835872876,0.0207016017825692,0.0376646335665082,,,,,,,,
resnet50,gradient_boosting,validation,0.4389920424403183,0.072289156626506,0.0074626865671641,0.0135287485907553,0.059047619047619,0.0124420485175202,0.0190185318368384,0.7747353295034304,0.6707393256494091,0.1274316625710813,0.0833922414343889,0.0413705444111373,0.0163427863154108,,,,,,,,
resnet50,gradient_boosting,test,0.4333333333333333,0.0684931506849315,0.0062266500622665,0.0114155251141552,0.0766666666666666,0.0059186879186879,0.0092423366107576,0.7744625259889,0.6784756739240018,0.1314979494267817,0.0875431924971275,0.0410216201846258,0.0194269550169548,,,,,,,,
resnet50,knn,train,0.998299801643525,0.9989381470666312,0.999468791500664,0.9992033988316515,0.9995871543052068,0.9997219811877408,0.9996539118639624,0.9999999355329492,0.9999997707878456,0.9999978863241524,0.9999954527014344,3.967129498448917e-05,1.1461025066626362e-09,,,,,,,,
resnet50,knn,validation,0.4297082228116711,0.2357723577235772,0.0360696517412935,0.0625674217907227,0.0717508417508417,0.013615449423244,0.0218977197580133,0.6819910684304291,0.5672853004172346,0.1051809688500294,0.0652506953228113,0.0436928028326828,0.0372319005440276,,,,,,,,
resnet50,knn,test,0.416,0.2440944881889764,0.0386052303860523,0.0666666666666666,0.0323529411764705,0.0091981055038379,0.0138542961900207,0.6873231136289563,0.5679141718131386,0.1163448558229799,0.0667415025688921,0.0435860312118946,0.0377752008912537,,,,,,,,
resnet50,logistic,train,0.8209124397846416,0.8498739399495759,0.9848605577689244,0.9124015748031497,0.9709054763725208,0.9967173405052688,0.98172862429263,0.9989534120208724,0.9969986245722886,0.9704562074820284,0.982933032870002,0.0074814100004543,0.0177642138978487,,,,,,,,
resnet50,logistic,validation,0.1472148541114058,0.1487532244196044,0.2151741293532338,0.1759023894255211,0.082509426614041,0.1153393505667374,0.0954140324668885,0.692813087394679,0.6266880632363959,0.0971535780384094,0.0784858378797616,0.0734223827990063,0.0832636115663972,,,,,,,,
resnet50,logistic,test,0.1546666666666666,0.1410748560460652,0.1830635118306351,0.1593495934959349,0.08357177011652,0.0988671565460743,0.089610255860086,0.6836089118360891,0.6237083257673877,0.0921021365132804,0.0804803018204715,0.0713463812715804,0.0813169060662382,,,,,,,,
resnet50,random_forest,train,0.9980164352507792,0.9978796713490592,1.0,0.998938710533298,0.999037075546365,1.0,0.9995166565291782,0.9999967907987596,0.9999997707878456,0.9999167642235784,0.9999955586291382,0.004473013482827,0.0469559248763539,,,,,,,,
resnet50,random_forest,validation,0.4694960212201591,0.2727272727272727,0.003731343283582,0.007361963190184,0.012,0.000754716981132,0.0014201183431952,0.7968928768547819,0.6782769419112233,0.1709380226948958,0.1052066446576584,0.0414865801644815,0.0468436551905015,,,,,,,,
resnet50,random_forest,test,0.4586666666666666,0.35,0.0087173100871731,0.017010935601458,0.035,0.0018363547280744,0.003380627080049,0.8034653855919058,0.698547321523036,0.1786523698475953,0.1076484370251024,0.0413359035654607,0.0473639210069451,,,,,,,,
resnet50,svm_linear,train,0.4729385094927741,0.0,0.0,0.0,0.0,0.0,0.0,0.8589276503583895,0.9616237179606996,0.2822078863235774,0.809064111741916,0.0372224235526921,0.0139137405835133,,,,,,,,
resnet50,svm_linear,validation,0.4721485411140583,0.0,0.0,0.0,0.0,0.0,0.0,0.764278256837281,0.612425667691223,0.150850598185168,0.0738607168584241,0.0383909805068606,0.0031318023850157,,,,,,,,
resnet50,svm_linear,test,0.4693333333333333,0.0,0.0,0.0,0.0,0.0,0.0,0.7610316345187133,0.6022060615523259,0.142809468668907,0.0777513282799445,0.038602575565738,0.0034452703879696,,,,,,,,
siglip2_so400m,gradient_boosting,train,0.6248228960045339,0.9825511432009628,0.4337317397078353,0.6018057858853879,0.9910456901162504,0.6404068929648584,0.7477792277567435,0.9914826525455522,0.9894404309836984,0.8976810584513505,0.94739805459221,0.0166633762403149,0.030723131118878,,,,,,,,
siglip2_so400m,gradient_boosting,validation,0.4350132625994695,0.3717948717948718,0.072139303482587,0.1208333333333333,0.2787666451195863,0.0547062212821918,0.0887411082998294,0.838047309170649,0.7848369057605632,0.2067367844692932,0.1791119181998451,0.0380141218417352,0.0158601652855436,,,,,,,,
siglip2_so400m,gradient_boosting,test,0.4373333333333333,0.375796178343949,0.0734744707347447,0.1229166666666666,0.2753781512605042,0.0667838929586367,0.1033403588687441,0.844153128059852,0.792470064524795,0.2208599240428248,0.1930526406691596,0.0375072604257948,0.0157648257750079,,,,,,,,
siglip2_so400m,knn,train,0.9985831680362708,0.9994685091682168,0.998937583001328,0.9992029755579172,0.999717447464816,0.999591475478116,0.9996535919963876,0.9999999355329492,0.9999997707878456,0.9999982380423464,0.9999955586291382,3.967129498557488e-05,1.1673274493306214e-08,,,,,,,,
siglip2_so400m,knn,validation,0.3806366047745358,0.3113553113553113,0.1057213930348258,0.1578458681522748,0.27530656010656,0.0755528137360463,0.107646236554356,0.7626160798026931,0.6700908111938811,0.1745492296628101,0.1543143951656938,0.0409541469822667,0.033180393102042,,,,,,,,
siglip2_so400m,knn,test,0.4053333333333333,0.3548387096774194,0.1232876712328767,0.1829944547134935,0.271849376114082,0.0775694310678975,0.1131920267251587,0.76935443166301,0.6803323451409949,0.2018775282857894,0.1612243726454487,0.0402528761605114,0.0314507392969783,,,,,,,,
siglip2_so400m,logistic,train,0.490507225843015,0.5806086112010359,0.952722443559097,0.721512621945087,0.7334705273712738,0.9891587672153777,0.83222350923292,0.992061877991232,0.9888398946713434,0.8181629771904281,0.8909679648236127,0.0257262699000824,0.0506871603411186,,,,,,,,
siglip2_so400m,logistic,validation,0.1392572944297082,0.2267605633802817,0.4004975124378109,0.289568345323741,0.1703544561399719,0.2957309955541433,0.2145551303512974,0.833715510334838,0.7777103786523467,0.1892979369019614,0.1700655384487825,0.0644243532244984,0.07292090674001,,,,,,,,
siglip2_so400m,logistic,test,0.1493333333333333,0.231811697574893,0.4047322540473225,0.2947845804988662,0.1741614259792004,0.2933559398372563,0.216971958975378,0.8336729477642104,0.7761429879713228,0.1896454924576006,0.1638259235849394,0.0638917847891291,0.0705038067118248,,,,,,,,
siglip2_so400m,random_forest,train,0.9974497024652876,0.9973509933774836,1.0,0.9986737400530504,0.9979103149829848,1.0,0.9989452279577496,0.9999973065351666,0.9999997707878456,0.999931792419306,0.9999955586291382,0.0041757257009876,0.0390279841938044,,,,,,,,
siglip2_so400m,random_forest,validation,0.4456233421750663,0.4852941176470588,0.0820895522388059,0.1404255319148936,0.3167551020408163,0.04042443622325,0.0680329626584815,0.8753664970614069,0.8332427688539163,0.2823550077658056,0.2426357409337128,0.037135402842076,0.038585459554238,,,,,,,,
siglip2_so400m,random_forest,test,0.4533333333333333,0.5406976744186046,0.1158156911581569,0.1907692307692307,0.3314283484339475,0.0754739384065886,0.1180206859566779,0.8768690445320492,0.8333594912741933,0.3089879451142457,0.2607070817196049,0.0367972353044025,0.0397849558923623,,,,,,,,
siglip2_so400m,svm_linear,train,0.4729385094927741,0.0,0.0,0.0,0.0,0.0,0.0,0.9356299940344392,0.9829976504763804,0.4113234343897081,0.8351018797632298,0.0333752516347155,0.0345337374060476,,,,,,,,
siglip2_so400m,svm_linear,validation,0.4721485411140583,0.0,0.0,0.0,0.0,0.0,0.0,0.8379867949402935,0.7726600692581761,0.215750701838955,0.1785151284027333,0.0367623488858132,0.0095674936425478,,,,,,,,
siglip2_so400m,svm_linear,test,0.4693333333333333,0.0,0.0,0.0,0.0,0.0,0.0,0.8343270114348732,0.7682069867704269,0.2103236614793444,0.1747268090751976,0.0369574072868296,0.008897419336956,,,,,,,,
vit_base,gradient_boosting,train,0.5460470388211958,0.9959183673469388,0.2592297476759628,0.4113804004214963,0.9936720142602496,0.4934532361978191,0.5945681881168252,0.9860854144398018,0.9855552377773518,0.8660714306117459,0.933944924811738,0.0201976381910298,0.0357232267760935,,,,,,,,
vit_base,gradient_boosting,validation,0.4310344827586206,0.072463768115942,0.0062189054726368,0.0114547537227949,0.08,0.0034594788858939,0.0065902377558819,0.8117626637399283,0.7328038982058966,0.1513520585681591,0.1090240767844438,0.0398996920517479,0.0146450103490324,,,,,,,,
vit_base,gradient_boosting,test,0.4226666666666667,0.1081081081081081,0.0099626400996264,0.0182440136830102,0.0716666666666666,0.0108989573683466,0.0177387753858342,0.8029639437166624,0.7370641723551666,0.1521412781532455,0.1066734865883089,0.0399636319195025,0.0152304161157194,,,,,,,,
vit_base,knn,train,0.998299801643525,0.999734113267748,0.99867197875166,0.9992027637523252,0.9999460188933872,0.9993615904206448,0.9996529314016872,0.9999999355329492,0.9999997707878456,0.9999982380423464,0.9999955586291382,3.96712949860807e-05,1.452188563509774e-08,,,,,,,,
vit_base,knn,validation,0.4177718832891247,0.3061224489795918,0.0559701492537313,0.0946372239747634,0.1025191040843214,0.0206467581564395,0.0329380686333819,0.7322243928313656,0.6378477870225843,0.1443184206795394,0.1134724877893471,0.0415330116673394,0.0330473852995877,,,,,,,,
vit_base,knn,test,0.4093333333333333,0.2517482517482518,0.0448318804483188,0.0761099365750528,0.1638474576271186,0.0215997448969624,0.0361805517749314,0.7127837181583714,0.6050207447679847,0.1282017185550333,0.0942774530088054,0.0424907916442475,0.0328702933985715,,,,,,,,
vit_base,logistic,train,0.3961462170586568,0.4911284599006387,0.9189907038512616,0.6401480111008325,0.6999144228111096,0.9791289540567774,0.7959205367494646,0.9854564550229108,0.980862696686598,0.7151900885246141,0.8276022607569825,0.0353037738710868,0.0662579268518763,,,,,,,,
vit_base,logistic,validation,0.1007957559681697,0.1519519519519519,0.3146766169154228,0.2049412717699473,0.0880775542795174,0.1742697809348877,0.1152685803630108,0.7636722185371491,0.6715030051979636,0.1152844310302201,0.0894037360759634,0.0801811155001641,0.0968569853991337,,,,,,,,
vit_base,logistic,test,0.1013333333333333,0.1666666666666666,0.3399750933997509,0.2236788201556739,0.1165462132921653,0.2065977695419834,0.1448077236100421,0.7795993821853068,0.6822849771476257,0.1296164357890465,0.1049268865089113,0.0768385143107313,0.0920054969468371,,,,,,,,
vit_base,random_forest,train,0.9980164352507792,0.9978796713490592,1.0,0.998938710533298,0.999037075546365,1.0,0.9995166565291782,0.999996834825038,0.9999997707878456,0.999917966946482,0.9999955586291382,0.0043916167625199,0.0440522719598808,,,,,,,,
vit_base,random_forest,validation,0.4549071618037135,0.2978723404255319,0.017412935323383,0.0329024676850763,0.1513679653679653,0.0153108637109874,0.0256535979657948,0.82404350297719,0.7341089052520222,0.1886070684338383,0.1361455921040922,0.0403959106482892,0.0431587552692952,,,,,,,,
vit_base,random_forest,test,0.4613333333333333,0.5384615384615384,0.0261519302615193,0.0498812351543943,0.1649999999999999,0.0160099811017008,0.0285478106728816,0.8280059225167004,0.7507616403401142,0.2172513982689238,0.148740434677426,0.0400986713350092,0.0447334394128263,,,,,,,,
vit_base,svm_linear,train,0.4729385094927741,0.0,0.0,0.0,0.0,0.0,0.0,0.8877055311786244,0.9750772271213434,0.294616833287084,0.7716085093883085,0.0362138936634236,0.0168300889584635,,,,,,,,
vit_base,svm_linear,validation,0.4721485411140583,0.0,0.0,0.0,0.0,0.0,0.0,0.7825452836670026,0.6598911173400687,0.1793625781791069,0.0937757280017062,0.0379100279698294,0.0061989159984482,,,,,,,,
vit_base,svm_linear,test,0.4693333333333333,0.0,0.0,0.0,0.0,0.0,0.0,0.785831999728549,0.6748618039557226,0.1797290582786757,0.1010724085251517,0.038069071513817,0.0052809408384568,,,,,,,,
bit50,mil,train,0.0,0.0634550445788693,0.6937583001328022,0.1162749287749287,0.0682293594144939,0.8056050512726826,0.1137989258041056,0.6612545052248185,0.7539275456516793,0.0745527101045662,0.1209937284387693,0.2437771711999499,0.4185488677754276,42.0,,,,,,,
bit50,mil,validation,0.0,0.060091743119266,0.6517412935323383,0.1100377992440151,0.0646040461376375,0.7443669914930524,0.1069083546419586,0.6378837415493739,0.7100560038824848,0.0681350536573456,0.1253990699257338,0.2444078436027803,0.4183313893370913,42.0,,,,,,,
bit50,mil,test,0.0,0.0613672860747877,0.6662515566625156,0.1123831530301438,0.0663844411525967,0.7539320160420465,0.1103078082737998,0.6416663330197168,0.713724456074173,0.0673994826643466,0.1133913296219884,0.2454585155328773,0.4191398879944284,42.0,,,,,,,
bit50,mil,train,0.0008500991782374,0.0733820741944218,0.7197875166002656,0.1331858950731048,0.0694011652884594,0.7449169324126266,0.1206384675648743,0.7085244828563243,0.7436892667239101,0.083852685798902,0.1162691790039652,0.2230316547273257,0.3966811846827914,43.0,,,,,,,
bit50,mil,validation,0.0013262599469496,0.0707941820054061,0.6840796019900498,0.1283098098681908,0.0661009314551734,0.6965878398562855,0.114304408294328,0.6883622933211588,0.7060938760330889,0.0774934002641586,0.112835201508274,0.2215870680632098,0.3942363797018023,43.0,,,,,,,
bit50,mil,test,0.0,0.0726877874297394,0.7085927770859277,0.1318503070327887,0.0678655978118203,0.6988007494868809,0.1175948774133414,0.6919849305839715,0.7075065165242944,0.0795214265519616,0.1110536015547435,0.2237520037528247,0.3962132254618903,43.0,,,,,,,
bit50,mil,train,0.0104845565315953,0.0744470979129893,0.5713147410358566,0.1317288260150652,0.0792513279333713,0.6997679158394982,0.1265859727733451,0.7060112930549488,0.7761067877069678,0.0872283263393465,0.1349314602487192,0.2033128238495426,0.3676261769067976,44.0,,,,,,,
bit50,mil,validation,0.0039787798408488,0.0701956271576524,0.5310945273631841,0.1240017424132423,0.0734520594973009,0.611444876610244,0.1140843960043941,0.6708749213590697,0.7027038880369234,0.075392289104501,0.1286342199620324,0.2037761791020413,0.3661864743264582,44.0,,,,,,,
bit50,mil,test,0.0093333333333333,0.0709393346379647,0.5417185554171855,0.1254506128334535,0.076003371301839,0.626172168792411,0.1184711510757419,0.6797792809199303,0.7129981857884651,0.0756556633342647,0.1107447106143544,0.2041274552091125,0.3665092189001169,44.0,,,,,,,
bit50,mil,train,0.0065174270331538,0.0832734897882974,0.7699867197875166,0.1502929130592565,0.076195408571817,0.7837243152347395,0.1331580965510942,0.7428305658100097,0.7760716552048804,0.0962166135810588,0.1353946768920554,0.2133201558221637,0.3628396120696052,45.0,,,,,,,
bit50,mil,validation,0.0079575596816976,0.0763661202185792,0.695273631840796,0.1376169374692269,0.067364444678621,0.6726481134987403,0.1171311086481182,0.7100307988484929,0.7115028241833863,0.0842638652266658,0.1211331689391274,0.2130532660937104,0.3606950003004587,45.0,,,,,,,
bit50,mil,test,0.0066666666666666,0.0785502559956884,0.726027397260274,0.1417629179331307,0.0711849248053557,0.6956068869649029,0.1236212282801386,0.7112459121887948,0.709805783391385,0.0825331177269152,0.1161157625936325,0.2155370471764873,0.362148212758132,45.0,,,,,,,
bit50,mil,train,0.0,0.0729796072507553,0.6159362549800796,0.1304971722799021,0.0829817674529397,0.6866793872419135,0.1252507867548128,0.6986286962026391,0.745724504248974,0.0812752866208835,0.1204779948621508,0.204366040917506,0.3666183965403104,46.0,,,,,,,
bit50,mil,validation,0.0,0.0706058339566192,0.5870646766169154,0.1260515422619842,0.081506819697601,0.636154896902083,0.1177648133960409,0.6805397262826949,0.7063593005503748,0.0754641875513785,0.117129280992431,0.2039177668325784,0.3658010105337127,46.0,,,,,,,
bit50,mil,test,0.0,0.0698901098901099,0.5940224159402242,0.1250655479811221,0.0781136858780451,0.6368664781293046,0.1186905794022122,0.6820519891105963,0.7085833677388694,0.0725522506597945,0.1042741612549513,0.2055014012650021,0.3663744262549033,46.0,,,,,,,
bit50,mil,train,0.0073675262113913,0.069605355669,0.6047808764940239,0.12484237074401,0.0712201931550718,0.6797854186476967,0.1183360777323846,0.6840643220786442,0.7427311487727427,0.0785554551752836,0.1156717504975807,0.2214614819781135,0.3886241724089959,47.0,,,,,,,
bit50,mil,validation,0.0092838196286472,0.065770453888407,0.5659203980099502,0.1178451178451178,0.0653048069881452,0.6122477104873295,0.108741917430691,0.6580819856166359,0.6915372995408995,0.0719065408181061,0.1137511127404233,0.2206152460183564,0.3863646116861469,47.0,,,,,,,
bit50,mil,test,0.012,0.0683992574610881,0.5965130759651308,0.1227261081219574,0.067611743648309,0.646758225830203,0.1128327251762203,0.6695498736038956,0.7064889233883065,0.0720822224665753,0.1075278286292092,0.2222931765550738,0.3879290697292859,47.0,,,,,,,
bit50,mil,train,0.0008500991782374,0.0765228810991009,0.8047808764940239,0.1397569244251747,0.0707486583607809,0.8447027079746441,0.1247677276250851,0.7274399772447033,0.7819171035676749,0.0938887034409022,0.1425078135103605,0.2380766183741642,0.3994552292557635,48.0,,,,,,,
bit50,mil,validation,0.0,0.0719287833827893,0.753731343283582,0.1313251706577094,0.0644737001179778,0.7475408408697577,0.1130744290991497,0.6918641580968041,0.7173885541500015,0.0843624110283184,0.1369991219836187,0.2390430653220859,0.3990082395133848,48.0,,,,,,,
bit50,mil,test,0.0,0.072024803243501,0.7521793275217933,0.1314615300903253,0.0654724230740691,0.7354878224549047,0.1146073169284058,0.6933035704063183,0.7185487567101825,0.0801990091529128,0.1180442633314105,0.239628000696292,0.3983679687809836,48.0,,,,,,,
bit50,mil,train,0.0048172286766789,0.0652429351976969,0.5899070385126162,0.1174914698336287,0.0701196826023016,0.7165813081687638,0.1139924427458438,0.661560450124673,0.7406263548752102,0.0747464366183746,0.1176521398520658,0.2257285839900875,0.398302711907581,49.0,,,,,,,
bit50,mil,validation,0.0053050397877984,0.0609243697478991,0.5410447761194029,0.1095166163141994,0.0653375521450193,0.6517308770826838,0.1061729777690685,0.6383086851567277,0.69784514087073,0.0665996731503972,0.1150548769883827,0.2254334810535105,0.3967867765378512,49.0,,,,,,,
bit50,mil,test,0.008,0.0635248725368609,0.5740971357409713,0.1143920595533498,0.0670156758848923,0.659798680726993,0.1087356049329738,0.6440805260209579,0.6970044058243723,0.0679041534926152,0.1094866693879026,0.2267431038175184,0.3978766493040323,49.0,,,,,,,
bit50,mil,train,0.0121847548880702,0.0789826336660741,0.7670650730411687,0.1432184478056037,0.075245214763854,0.7927272147829041,0.1311725687205286,0.7330491264085659,0.7691487382658525,0.0912826067213367,0.1310299743201504,0.2253589622036199,0.3931118010282033,50.0,,,,,,,
bit50,mil,validation,0.0092838196286472,0.074398249452954,0.7189054726368159,0.1348419456432987,0.0700798091425404,0.6966869265420417,0.1213585519851942,0.7049406422944571,0.7124312719768888,0.0790691438542803,0.1175537855607388,0.2257906671090577,0.3921232075493694,50.0,,,,,,,
bit50,mil,test,0.0066666666666666,0.0766927083333333,0.7334993773349938,0.1388659672285748,0.0725002559947873,0.7191644928169532,0.1254724829940743,0.7118252088739772,0.7181709981135243,0.0816323947385269,0.1157106833857676,0.225856623413976,0.3920860782238716,50.0,,,,,,,
bit50,mil,train,0.0070841598186455,0.0594795539033457,0.5184594953519256,0.1067162343164858,0.069815272264451,0.6949910726612394,0.1060245562399364,0.6560597424022436,0.7559221035418571,0.073534674713287,0.1251893868382902,0.2260165607044613,0.397658515594716,51.0,,,,,,,
bit50,mil,validation,0.0039787798408488,0.0565574953109219,0.4875621890547263,0.1013574660633484,0.0685406907090497,0.6233130717125855,0.100331469320657,0.6278756320911237,0.7028167421958836,0.0630337732583609,0.1159533784064506,0.2266572431742777,0.397899979611004,51.0,,,,,,,
bit50,mil,test,0.0026666666666666,0.0569221967963386,0.4956413449564134,0.1021167415009621,0.0678958681782171,0.6504803064713461,0.1009643034482083,0.6402625872041525,0.7154319936724677,0.0676725335370985,0.1142481787143426,0.2270252215227811,0.3979858929449816,51.0,,,,,,,
clip_vitb32,mil,train,0.0110512893170869,0.09813257690879,0.7718459495351926,0.1741266702618491,0.0908523067947463,0.8135526288288001,0.1563285570228508,0.7909166695755458,0.8275344471716366,0.1181331698014498,0.1711616984853328,0.1870645689440503,0.3243096399968367,42.0,,,,,,,
clip_vitb32,mil,validation,0.0013262599469496,0.0898894154818325,0.7077114427860697,0.1595178020745724,0.0831897655939135,0.7174016670457057,0.142171158126851,0.7571622175612022,0.7714797127712311,0.0994261151170687,0.1500675862452443,0.1901686748101147,0.3258683058697067,42.0,,,,,,,
clip_vitb32,mil,test,0.004,0.0924304035032843,0.7359900373599004,0.1642350979574822,0.0823741071289456,0.7131336250214484,0.1413907206519742,0.7684173289818831,0.7768289322012378,0.1041605563816288,0.1509522800586271,0.19094985238081,0.3273236479028298,42.0,,,,,,,
clip_vitb32,mil,train,0.0096344573533578,0.087294699964645,0.7213811420982735,0.1557428751648603,0.0881563583909746,0.8105219401803591,0.1487806625634744,0.7550566319456564,0.8282194568885813,0.1012782230777833,0.1798535538051755,0.2086781534770301,0.346668499688281,43.0,,,,,,,
clip_vitb32,mil,validation,0.0013262599469496,0.0810730253353204,0.6766169154228856,0.1447963800904977,0.0820862320671342,0.7425665635573497,0.1382392844438572,0.7202060805911703,0.7675443284732942,0.0828494797384901,0.151281065745901,0.212032688995447,0.3487945020659878,43.0,,,,,,,
clip_vitb32,mil,test,0.0053333333333333,0.084407796101949,0.701120797011208,0.1506757660912618,0.0856086175556192,0.7469185948832485,0.1435030307375977,0.7341876499372963,0.7741206586521721,0.0865300871531382,0.1563340147031835,0.2118741281928024,0.349648563512833,43.0,,,,,,,
clip_vitb32,mil,train,0.0068007934258996,0.0788172965933643,0.7073041168658698,0.1418299957392416,0.0804475911655358,0.810382993332136,0.1356588077084267,0.7291763972604334,0.8026701203367655,0.0958061429429517,0.150887111535955,0.2200882702059769,0.375447956978528,44.0,,,,,,,
clip_vitb32,mil,validation,0.0,0.0702805774993189,0.6417910447761194,0.1266879450036828,0.0707897965370499,0.7335872659241113,0.1195691629243183,0.6963487588104033,0.7554907510225451,0.0841475397778647,0.1437009455823155,0.2223108861661657,0.3772376123335106,44.0,,,,,,,
clip_vitb32,mil,test,0.0,0.0793628808864266,0.7135740971357409,0.1428393369063941,0.079864964205821,0.7766284074925189,0.134082724010925,0.7185587825672672,0.7669348888697187,0.0875137692421944,0.1451034809662975,0.2221410905512509,0.3777206447468775,44.0,,,,,,,
clip_vitb32,mil,train,0.0198356474922074,0.1045687677149413,0.8231075697211155,0.1855633064878297,0.1007725244756749,0.8451565933799182,0.1738293830101879,0.8188605291518432,0.847222727938851,0.142328539078619,0.1948636731741981,0.1852070491820028,0.3106239536919165,45.0,,,,,,,
clip_vitb32,mil,validation,0.0119363395225464,0.0953200813898888,0.7574626865671642,0.1693312943139163,0.0864454175469035,0.7224981887188067,0.1488796478801518,0.7799958287913199,0.7836095403747924,0.1138415582319937,0.1553015234692309,0.1894431221923205,0.3133264309297667,45.0,,,,,,,
clip_vitb32,mil,test,0.016,0.0966077848991714,0.7696139476961394,0.1716666666666666,0.0868475059316611,0.7170790093694456,0.1491716022860387,0.7862852854201049,0.7809626899979619,0.1183822019340249,0.1596078579032676,0.1890872825394736,0.3126066834050698,45.0,,,,,,,
clip_vitb32,mil,train,0.0269198073108529,0.0973317353182363,0.8196547144754316,0.1740012968340334,0.0907662008370162,0.8728201902521917,0.157541527133129,0.8068514748331641,0.8500166796499539,0.135117484570537,0.1929350425791466,0.2089167741715299,0.3313851698420001,46.0,,,,,,,
clip_vitb32,mil,validation,0.0106100795755968,0.0870327102803738,0.7412935323383084,0.1557762676424464,0.0804549156541551,0.7505316813784988,0.1389751616288173,0.7621928592656798,0.7809631770809123,0.1053363494799494,0.1567291862407866,0.2130467231504161,0.3327418849012565,46.0,,,,,,,
clip_vitb32,mil,test,0.02,0.0914678764817796,0.7783312577833126,0.1636982713462546,0.0824863968603007,0.7631530637703028,0.1430768519103379,0.7753662871048079,0.7769530379585557,0.1126088328079072,0.1594714637390519,0.2141503363021702,0.3346768359480906,46.0,,,,,,,
clip_vitb32,mil,train,0.025219608954378,0.0944540409423352,0.6826029216467463,0.1659456318202363,0.0982970740275541,0.8087370797431264,0.1623103303457304,0.782304135734275,0.8436364836840223,0.1169018373163078,0.1887126251871976,0.1853102938030397,0.3139670118351925,47.0,,,,,,,
clip_vitb32,mil,validation,0.0106100795755968,0.0870392801522754,0.6256218905472637,0.1528178641956555,0.0871346084470348,0.7043738162776931,0.1433244514943527,0.7451416653295642,0.7781723191969243,0.0978084863846758,0.1600341617102587,0.1886961682119975,0.3166374961244432,47.0,,,,,,,
clip_vitb32,mil,test,0.0186666666666666,0.0887985087273343,0.6525529265255293,0.1563245823389021,0.0897242307518518,0.7053637711682282,0.147535547420169,0.753518020855791,0.7829920171313519,0.0988643074941311,0.1560593164007577,0.190186134082986,0.3177514629702002,47.0,,,,,,,
clip_vitb32,mil,train,0.0158685179937659,0.0972512116602398,0.7301460823373174,0.1716408591408591,0.0940373738261119,0.7880175492542874,0.159029487413782,0.7811192549244179,0.82223854617635,0.11195274589526,0.1708170072760801,0.1865231692339818,0.3166915956676979,48.0,,,,,,,
clip_vitb32,mil,validation,0.0053050397877984,0.089751958224543,0.6840796019900498,0.1586843623773802,0.0868536557183592,0.7087953247858887,0.1462676213641745,0.7470929046444602,0.7691897503609966,0.0908997826797693,0.1462204073391891,0.1900950376635891,0.3194119832876074,48.0,,,,,,,
clip_vitb32,mil,test,0.0106666666666666,0.0949711459192085,0.7173100871731009,0.1677344205008736,0.0906701961736288,0.7207415240638687,0.1523311908976515,0.7620275446431762,0.7731746121657269,0.0947395039814518,0.1514592618791067,0.1901057055362248,0.3194779320452948,48.0,,,,,,,
clip_vitb32,mil,train,0.0320204023802777,0.094270895197371,0.6324037184594954,0.1640824202329267,0.0973288604925908,0.7662515583214848,0.1584284536373258,0.7739883704584928,0.8333537490071902,0.1115707019521103,0.1739562588693413,0.1778909862647287,0.3054677733587957,49.0,,,,,,,
clip_vitb32,mil,validation,0.0212201591511936,0.0857038657913931,0.5845771144278606,0.1494910941475827,0.0886264049514508,0.6884800932125107,0.1434468231491877,0.739245422008874,0.7799966695353429,0.0954191650807553,0.1665119172577323,0.181291933771027,0.3075840064257065,49.0,,,,,,,
clip_vitb32,mil,test,0.028,0.088235294117647,0.6052303860523038,0.1540167960703533,0.0898840080772392,0.6771789353570798,0.1456016181655239,0.7495524562741506,0.7741799500203289,0.1013968182584678,0.1653611355381314,0.1816584414209842,0.3093349246331163,49.0,,,,,,,
clip_vitb32,mil,train,0.0643241711533012,0.1049045685752951,0.5970783532536521,0.1784551877431134,0.1076434904908563,0.7154394424059304,0.168605867365729,0.7902454386416762,0.8257226201219422,0.125314214424166,0.1762151917004178,0.1514350564121656,0.2665485205128587,50.0,,,,,,,
clip_vitb32,mil,validation,0.046419098143236,0.0956843940714908,0.5460199004975125,0.162833827893175,0.0977177609164202,0.6257377956400484,0.1520750907069624,0.7559529323348899,0.7741876763213795,0.1063228384285007,0.1552843258163456,0.1538572658763258,0.2674716200991964,50.0,,,,,,,
clip_vitb32,mil,test,0.06,0.095710965560955,0.564134495641345,0.1636560693641618,0.0975581149203716,0.6219083169578107,0.1527665637688521,0.7641312204657398,0.7691712686427103,0.1020013559029478,0.1445075205356098,0.1570639837892712,0.2718111183747444,50.0,,,,,,,
clip_vitb32,mil,train,0.0138849532445451,0.0868980045643396,0.7888446215139442,0.1565506153967794,0.0789017800196234,0.8108942690085644,0.1381311563399937,0.7666559038139021,0.7954262102717388,0.108000963385775,0.1424090129992326,0.2183551818210423,0.3719639344999273,51.0,,,,,,,
clip_vitb32,mil,validation,0.0026525198938992,0.0826265389876881,0.7512437810945274,0.1488784816366773,0.074927394212383,0.7533083028446392,0.1308465487894914,0.7401331823096642,0.7466273242181262,0.0973987046613163,0.1423951317715062,0.2210823244309415,0.374207779573263,51.0,,,,,,,
clip_vitb32,mil,test,0.0106666666666666,0.0862659181158428,0.7845579078455791,0.155440414507772,0.0767998772024235,0.7618732377113652,0.1339800910089661,0.7540491266626287,0.7646981359496268,0.1022159217273463,0.1423332909833871,0.221527964374365,0.3753249071623803,51.0,,,,,,,
derm_foundation,mil,train,0.0331538679512609,0.1150425367362722,0.7901726427622842,0.2008438818565401,0.120218470556687,0.8602324948042557,0.1965301324804541,0.8348241055825636,0.8770126201527915,0.1644298882471412,0.2800906869164888,0.1789160992373853,0.2942458529354529,42.0,,,,,,,
derm_foundation,mil,validation,0.03315649867374,0.1085121350685895,0.7674129353233831,0.1901386748844376,0.1129560221785984,0.7987760388373907,0.1846741530633305,0.808190842308462,0.8288838213154661,0.1326738064909827,0.2353937638951667,0.1853923464775067,0.2999094862705288,42.0,,,,,,,
derm_foundation,mil,test,0.032,0.1032599118942731,0.7297633872976339,0.1809200370484717,0.1059044839448002,0.7632869462268546,0.1734217257014774,0.7996930355541823,0.8208041230817956,0.1314762227016199,0.230960564541777,0.1866109464003379,0.2999845842254068,42.0,,,,,,,
derm_foundation,mil,train,0.0215358458486823,0.1277753206545776,0.7673306772908367,0.2190710900473933,0.1321797627432024,0.8370395705813689,0.2150457718851777,0.8438096237671463,0.8771148795058046,0.180898406474474,0.2857814433603804,0.1532401296714401,0.2669571498921487,43.0,,,,,,,
derm_foundation,mil,validation,0.0145888594164456,0.1163541036499294,0.7176616915422885,0.200242929030019,0.1219024336861789,0.7644030293061079,0.1974075546985931,0.8153412396071289,0.8314153793100673,0.1452120509918882,0.2458823505713478,0.1582148836388715,0.2712334511645242,43.0,,,,,,,
derm_foundation,mil,test,0.024,0.113188376346271,0.6936488169364882,0.1946191474493361,0.1137778714957231,0.7000675498298335,0.1836531038910736,0.8056381384762288,0.818280855515948,0.1446021897509627,0.2326606694336596,0.1609830332772445,0.2723603132528889,43.0,,,,,,,
derm_foundation,mil,train,0.0170019835647492,0.128072338676531,0.8276228419654714,0.2218188289731268,0.1253724207058885,0.8592342260330167,0.2097563999433807,0.8619539255559654,0.8806929254847272,0.2091826023668931,0.2849847895411838,0.1617846804105348,0.2777598601656476,44.0,,,,,,,
derm_foundation,mil,validation,0.0251989389920424,0.1211833870661862,0.7947761194029851,0.2103011354286654,0.1166105139432908,0.793162311994695,0.1949246912365236,0.8370442065412713,0.8393272206166214,0.1761410295113767,0.2518649835780263,0.1656859426196814,0.280882497550969,44.0,,,,,,,
derm_foundation,mil,test,0.02,0.1169590643274853,0.772104607721046,0.2031454783748361,0.1106276566070145,0.7630533734122945,0.1851342702566581,0.8252869022605026,0.8237692265370646,0.1689404005625026,0.2373995727826966,0.1689048997047657,0.2822163390306911,44.0,,,,,,,
derm_foundation,mil,train,0.0147350524227826,0.1170459616242748,0.69667994687915,0.2004202483285578,0.1284423655047284,0.8087678911872938,0.2036798829571924,0.8275892451977549,0.8726205950241327,0.1885305263078779,0.2808782310504187,0.1628785177668487,0.2741892817334809,45.0,,,,,,,
derm_foundation,mil,validation,0.0092838196286472,0.1096196868008948,0.6703980099502488,0.1884285963992309,0.1189884084635943,0.7418218591805749,0.1896090673034397,0.8010659464508335,0.8295860833016853,0.156259993499922,0.2394521086079191,0.1682824541478303,0.2789847341673609,45.0,,,,,,,
derm_foundation,mil,test,0.012,0.1096365863617803,0.6687422166874222,0.1883880021048938,0.1190768868971861,0.7337833665933373,0.1894778408484325,0.7997863988757266,0.8192767615269545,0.1506869181377917,0.2315981252285714,0.1682526620610021,0.2782994978672452,45.0,,,,,,,
derm_foundation,mil,train,0.0053839614621705,0.1070458539702828,0.7118193891102258,0.1861046491441269,0.1051900267407876,0.786290839499271,0.1739466300757697,0.801693796288522,0.8470114132202247,0.1475631115219694,0.2431051612953069,0.178678637600781,0.3247408204890057,46.0,,,,,,,
derm_foundation,mil,validation,0.0053050397877984,0.1025270758122743,0.7064676616915423,0.1790668348045397,0.0998941070111459,0.765327713109136,0.1662157700674827,0.79275220098113,0.8246700061615277,0.125791641540308,0.2219096084307728,0.1822354253511354,0.3286092378616589,46.0,,,,,,,
derm_foundation,mil,test,0.004,0.1026119402985074,0.684931506849315,0.1784845042998539,0.0994411878697562,0.7136392952803239,0.162747570753721,0.7811801748347024,0.8104222924692809,0.1284243321949035,0.2322945812596756,0.1826837702428609,0.3274003414649516,46.0,,,,,,,
derm_foundation,mil,train,0.0527061490507225,0.1465314444037848,0.7444887118193891,0.2448676509129029,0.1456632818847231,0.8569901308094535,0.2343237338787701,0.869374381863186,0.904026212117568,0.228037276835434,0.3260994904386934,0.1337415497098662,0.2221799858812345,47.0,,,,,,,
derm_foundation,mil,validation,0.0411140583554376,0.1295947219604147,0.6840796019900498,0.2179080824088748,0.127200013255971,0.7559507468807886,0.2053711511387937,0.8337769894845841,0.8447269614723403,0.1830780165948176,0.2571730684629853,0.1418236807845539,0.229851103279157,47.0,,,,,,,
derm_foundation,mil,test,0.0493333333333333,0.1287223823246878,0.6674968866749689,0.2158244413126635,0.1243761064788656,0.7115129561847501,0.2001402922491472,0.8281200679376892,0.8301208610771355,0.1726192764342524,0.2466020255991194,0.1415690376798827,0.2272634921580214,47.0,,,,,,,
derm_foundation,mil,train,0.0127514876735619,0.1188690375863812,0.7492695883134131,0.2051860202931228,0.119450455980517,0.831557950946338,0.1955346987179634,0.8365680588090452,0.8728361717197747,0.1846532271146496,0.2785976909507655,0.1631736886806608,0.290305664510128,48.0,,,,,,,
derm_foundation,mil,validation,0.0092838196286472,0.1115654205607476,0.7126865671641791,0.1929292929292929,0.1113715280318205,0.7652029079167452,0.1823555239678509,0.8138628107936433,0.8318867067689442,0.150278623142518,0.2314314273475831,0.1675883547677666,0.2949413545614242,48.0,,,,,,,
derm_foundation,mil,test,0.012,0.1113909337466098,0.7160647571606475,0.1927912824811399,0.111181114913013,0.7505652215454015,0.1806837979097889,0.811068684942748,0.8292820524497011,0.1557544858571306,0.2370964003542583,0.1685159311728004,0.2946467081184374,48.0,,,,,,,
derm_foundation,mil,train,0.0408047605553981,0.1414855454737286,0.7123505976095618,0.2360811583997183,0.1493814138624252,0.8232454512132474,0.2354480127938353,0.8569109920724395,0.8961216110467142,0.210450023012457,0.3071513176185436,0.133440522859893,0.2309820040025366,49.0,,,,,,,
derm_foundation,mil,validation,0.03315649867374,0.122303863474757,0.6417910447761194,0.2054549074258411,0.1257591545994873,0.707061343663203,0.1985854620582463,0.8204302244733331,0.8378345936642346,0.1758401447534498,0.2596469108828461,0.1402994775021123,0.2365967576168117,49.0,,,,,,,
derm_foundation,mil,test,0.04,0.1271104679208876,0.6562889165628891,0.2129723176399272,0.1285610348218644,0.6901093673753366,0.201392580265723,0.8197259385789386,0.8304070093874881,0.1639141185958487,0.2483903068145715,0.1398902598013208,0.2350021541325493,49.0,,,,,,,
derm_foundation,mil,train,0.0328705015585151,0.1219443663950547,0.8069057104913678,0.2118697259223098,0.1248529727466527,0.8432941951271533,0.2067145388948413,0.8492994286961397,0.876247102119887,0.193728527805235,0.2850758877200584,0.1683163202584408,0.2899617707726196,50.0,,,,,,,
derm_foundation,mil,validation,0.026525198938992,0.1108914450035945,0.7674129353233831,0.1937814070351758,0.1103535470989948,0.7765954761409242,0.1843311848096953,0.8215997067747817,0.8361968694625616,0.1594515569430576,0.2399124688458316,0.1748518343596644,0.2963596188566021,50.0,,,,,,,
derm_foundation,mil,test,0.0293333333333333,0.1131660867972898,0.7696139476961394,0.1973180076628352,0.1125134388596189,0.7650974459056538,0.1864644389726087,0.8165172726308215,0.8236503564471055,0.1515281154993507,0.232733279118528,0.1755060195105013,0.2957432350854668,50.0,,,,,,,
derm_foundation,mil,train,0.0382544630206857,0.1415948751932847,0.851261620185923,0.2428030303030303,0.1363540865928984,0.9023432449139877,0.2278786219495218,0.8823701295536145,0.9060796775331244,0.2343859472602352,0.3292450696863272,0.1504790541284953,0.2542340661817308,51.0,,,,,,,
derm_foundation,mil,validation,0.0358090185676392,0.1251516376870198,0.7699004975124378,0.2153043478260869,0.1198661721706711,0.7669427862653571,0.1995252342254412,0.8395795667015693,0.8356821602573646,0.1679094101639199,0.2397559478473675,0.1575011428862595,0.2586930520868167,51.0,,,,,,,
derm_foundation,mil,test,0.0453333333333333,0.1233233233233233,0.7671232876712328,0.2124870645050017,0.1166593897821814,0.7541907818743901,0.1942261199630246,0.8331343479114961,0.8265025306425114,0.1704297820303157,0.2443649452568622,0.1601706905003007,0.2598961935809872,51.0,,,,,,,
inception_v3,mil,train,0.0,0.0667837822765043,0.6361221779548473,0.1208771797007091,0.0712600273743172,0.762108829075216,0.1179479136277253,0.672664874482652,0.7570135411864051,0.0806806722950181,0.1248171853739027,0.2301021944663003,0.4065512979503712,42.0,,,,,,,
inception_v3,mil,validation,0.0,0.0636574074074074,0.6156716417910447,0.1153846153846153,0.068910269426261,0.6870410554396524,0.1120635301818517,0.6412840485591548,0.6913512604084326,0.0640934226961396,0.0978476065136605,0.2326401333563987,0.4079397817647371,42.0,,,,,,,
inception_v3,mil,test,0.0,0.0636709026595047,0.6052303860523038,0.1152204836415362,0.0671044620957362,0.6737111679859935,0.1104540451107481,0.6400730849885171,0.6835257244050592,0.0657182108099776,0.0983542694795076,0.2310309150547272,0.4064828496711577,42.0,,,,,,,
inception_v3,mil,train,0.0036837631056956,0.0770042521493528,0.6589641434262948,0.137894619831036,0.0763696527034639,0.7213276183829624,0.1278170591773341,0.7104377014005704,0.7612169667881483,0.0852957608041327,0.1248483404540679,0.2115657956705327,0.3785695161442174,43.0,,,,,,,
inception_v3,mil,validation,0.0013262599469496,0.0701982920827905,0.6032338308457711,0.1257617010242447,0.0694533647726246,0.6202505941829033,0.1146132102713786,0.6745646008018205,0.6896291899422625,0.0677243472379787,0.0989660253787617,0.2141484749263172,0.3794177176782166,43.0,,,,,,,
inception_v3,mil,test,0.0,0.0698315911730545,0.5990037359900373,0.1250812638148485,0.0681469335607698,0.6118273141667888,0.1126875015084481,0.6737666621956818,0.6894376387166807,0.0694183286577154,0.0980247380632613,0.2139212832898701,0.3795167237559519,43.0,,,,,,,
inception_v3,mil,train,0.0,0.0700540666240334,0.6401062416998672,0.1262871066628239,0.0713329884077649,0.7185250494721521,0.120338202213395,0.6830960379808416,0.738817028763249,0.0763887531143427,0.1086922968968668,0.2185930712872849,0.3942313235492986,44.0,,,,,,,
inception_v3,mil,validation,0.0,0.0643659271432484,0.5845771144278606,0.1159634838391315,0.0633197974632555,0.6113831078046265,0.1062322099618243,0.6532436730235556,0.6774756687215358,0.0640653685588804,0.0913871468992033,0.2192631481202819,0.3940812611029994,44.0,,,,,,,
inception_v3,mil,test,0.0,0.0658609451385116,0.6039850560398505,0.1187706624219419,0.0637053153956736,0.6080462662705252,0.1063487548793906,0.6547682497537893,0.6726361012799009,0.0650285654834212,0.0940685821843251,0.219185398638161,0.393522546535184,44.0,,,,,,,
inception_v3,mil,train,0.0,0.0805994765336488,0.5970783532536521,0.1420267879706848,0.0790930680878438,0.5778738821500281,0.1248784447644106,0.7146995552402435,0.728878170857246,0.0834600534433528,0.102597839900259,0.1951786619491478,0.3628787324994962,45.0,,,,,,,
inception_v3,mil,validation,0.0013262599469496,0.0753768844221105,0.5597014925373134,0.1328609388839681,0.0726459536281935,0.5160278115288607,0.1138245633807709,0.6875582397775061,0.6664354256166599,0.0736317847218172,0.0914286544425005,0.196659609734438,0.3637179691845733,45.0,,,,,,,
inception_v3,mil,test,0.0,0.075765178123432,0.564134495641345,0.1335889118254202,0.0627892072847318,0.4956724498176346,0.104552276902342,0.6856759154063775,0.6606570227795704,0.0733350374084128,0.0855346114341514,0.196465002693067,0.3629036126593997,45.0,,,,,,,
inception_v3,mil,train,0.0,0.0648197009674582,0.7830013280212483,0.1197278911564625,0.0629754714884536,0.7594656235950252,0.1098305493000671,0.6966308198416374,0.7070416469146675,0.0837355362090823,0.0922807111954087,0.2442037920448701,0.4361765177474355,46.0,,,,,,,
inception_v3,mil,validation,0.0,0.0624235006119951,0.7611940298507462,0.1153846153846153,0.0564547698966277,0.7142734622212721,0.099243143448785,0.6768066943901794,0.662345392543256,0.0772545063800842,0.090377439196693,0.2455749487975133,0.4370392044612382,46.0,,,,,,,
inception_v3,mil,test,0.0,0.0627687896784763,0.763387297633873,0.1159996215346768,0.0568508567041465,0.6890293558538986,0.099177445553164,0.6753105397302046,0.6560291196966506,0.0775608472535999,0.0842496802552417,0.2454632768703732,0.4369501967531441,46.0,,,,,,,
inception_v3,mil,train,0.0,0.0704253763332408,0.7418326693227092,0.128638540899042,0.0661824896668981,0.7738877473874094,0.1145259101007272,0.7085983888268852,0.7413333679762054,0.0868575321500295,0.1128173525543261,0.2363803828819072,0.4167414996188348,47.0,,,,,,,
inception_v3,mil,validation,0.0,0.0645047998126902,0.6853233830845771,0.1179114059490691,0.0616170880097206,0.6774752092160164,0.1049182171499062,0.6669066903650869,0.6653398434741064,0.0707307884650019,0.0902474953113499,0.2393152716040506,0.4185181377793844,47.0,,,,,,,
inception_v3,mil,test,0.0,0.0686588402703664,0.7210460772104608,0.1253789519272412,0.0644894360866054,0.6959444914705317,0.110352280408537,0.6835047237816121,0.681339756128581,0.0768242155353369,0.0996085631094677,0.2374899285912759,0.4165746388015275,47.0,,,,,,,
inception_v3,mil,train,0.0,0.059723750152793,0.648871181938911,0.1093798970226102,0.0633340910116395,0.724071357688656,0.105358187401908,0.644557913267602,0.7153339946469595,0.070301114392127,0.1020382941271296,0.2439911914111946,0.4248676223706424,48.0,,,,,,,
inception_v3,mil,validation,0.0,0.0555809175987217,0.6057213930348259,0.1018189420865565,0.0582313384295207,0.6524924917113595,0.0964126255833981,0.6176828094923807,0.6655463261939113,0.0619430252973914,0.0956092744805639,0.2455485970682175,0.4259506351068438,48.0,,,,,,,
inception_v3,mil,test,0.0,0.0596230725299828,0.6500622665006227,0.1092278719397363,0.0626879984980946,0.6893680105195443,0.103742143371398,0.6339894463017265,0.6805530619826378,0.0663271626429412,0.0971828448882456,0.245771479676313,0.4267716868725418,48.0,,,,,,,
inception_v3,mil,train,0.0,0.0698220222961079,0.5689243027888446,0.1243794094591063,0.0703421267152982,0.6493621911167595,0.1170652163685466,0.683967808613993,0.7255351206076888,0.0781204642194877,0.1049231897555606,0.2043234961230839,0.3797261014477183,49.0,,,,,,,
inception_v3,mil,validation,0.0,0.0675387891694554,0.5522388059701493,0.1203578205475738,0.0666072503799339,0.5773558272332905,0.1102687268673616,0.6582328576556428,0.6744803336837673,0.0682169373132886,0.0932923264258915,0.2056418229244588,0.3805775235289219,49.0,,,,,,,
inception_v3,mil,test,0.0,0.0704531346989447,0.5653798256537983,0.1252932247826687,0.0681394740418002,0.6020791463999997,0.1128806112296545,0.6681391194676508,0.6808005800194639,0.0707061010705007,0.0916332771763408,0.204443609386926,0.3794016874457274,49.0,,,,,,,
inception_v3,mil,train,0.0014168319637291,0.0780881475377227,0.7298804780876494,0.1410822466372317,0.0738404262132321,0.8028018474629279,0.1281567815792891,0.732229432573597,0.7825689063823562,0.0962115836279458,0.142689718681037,0.2190646731597216,0.3795650318525221,50.0,,,,,,,
inception_v3,mil,validation,0.0,0.0696378830083565,0.6529850746268657,0.1258540093491549,0.0642448170558881,0.6709959269888475,0.1106194976347249,0.6763860929200831,0.6845530600605728,0.0706151763544779,0.0996063232177796,0.2227847815055794,0.3808938654619782,50.0,,,,,,,
inception_v3,mil,test,0.0013333333333333,0.0715431933672104,0.6662515566625156,0.1292114478927665,0.0662031755777969,0.6670269149787846,0.113887926504637,0.686503382971904,0.6937961698248519,0.0756655226818698,0.1133966152890438,0.2216323339515417,0.380466289745577,50.0,,,,,,,
inception_v3,mil,train,0.0,0.0577035490605428,0.550597609561753,0.1044595616024187,0.0659617248236835,0.6691451843862013,0.1068242990557796,0.612082031020287,0.7089457638624375,0.0616926395207449,0.0973234576353081,0.2362962916776953,0.4229288921971798,51.0,,,,,,,
inception_v3,mil,validation,0.0,0.0537495143116176,0.5161691542288557,0.0973607038123167,0.0616441329945464,0.6067513796952145,0.0994158012134139,0.5879186302776266,0.6612655664602624,0.054216653287016,0.0916133737685824,0.2376848236487562,0.4238085988492011,51.0,,,,,,,
inception_v3,mil,test,0.0,0.0581742630827165,0.5579078455790785,0.1053621825023518,0.0659556244526071,0.6115750547689882,0.1055183980848121,0.5953404312587478,0.6573607981826342,0.0567586916131356,0.0868692747392908,0.2376459924743167,0.4237003869893154,51.0,,,,,,,
resnet50,mil,train,0.0,0.0706571168713051,0.6602921646746348,0.1276541117872089,0.0707798852427402,0.718238596240775,0.1189743388595846,0.687865206629477,0.7385074239103079,0.0786366255295733,0.121296528410269,0.2225484474373969,0.4031615056156516,42.0,,,,,,,
resnet50,mil,validation,0.0,0.0670707603109764,0.6330845771144279,0.121291552484213,0.0650061772750892,0.6566308550727704,0.1093030876470021,0.6605067935838925,0.6810018259322034,0.0697082115279812,0.106156384111223,0.224748892341222,0.4047291701208968,42.0,,,,,,,
resnet50,mil,test,0.0,0.0664552781080724,0.6264009962640099,0.1201624462494027,0.0649348069507206,0.6358039092241523,0.1086876003025558,0.6667914749121896,0.6920599839368407,0.070488467616184,0.1074240504200252,0.2234678482006533,0.4037726748834053,42.0,,,,,,,
resnet50,mil,train,0.0036837631056956,0.0659208208424761,0.5665338645418326,0.1180997729915287,0.0780041843709739,0.6473401844330976,0.121985575780266,0.6604434248167957,0.7462335782635607,0.0737034215392983,0.1251675150170934,0.2163171391585271,0.3891158783979044,43.0,,,,,,,
resnet50,mil,validation,0.0,0.0608720271800679,0.5348258706467661,0.1093035078800203,0.0682750188915037,0.5827719835658786,0.1068827621127889,0.6331959563812326,0.6818810111033429,0.0645021546436147,0.1058778748945818,0.2191535773201678,0.3914792857550341,43.0,,,,,,,
resnet50,mil,test,0.0,0.0592816962353959,0.5118306351183064,0.1062564632885212,0.0607005338798727,0.5355354398413342,0.0972531285121708,0.6310112916536245,0.6703864479529884,0.0615311028674188,0.0886996655607473,0.2178870579750321,0.3895808522618811,43.0,,,,,,,
resnet50,mil,train,0.0,0.0677129134817019,0.797609561752988,0.1248285322359396,0.066893698727574,0.797350530828453,0.1168847251322121,0.6972419517604065,0.7431665717662717,0.0802795469093113,0.1207798867472063,0.2431682191480161,0.4349495872606059,44.0,,,,,,,
resnet50,mil,validation,0.0,0.065365648935054,0.7748756218905473,0.1205611998064828,0.0628062289239287,0.7522200905564023,0.1097714253717646,0.666261469445414,0.685644551706619,0.0682538098047171,0.1008433159660257,0.2451665803120325,0.4361434918265563,44.0,,,,,,,
resnet50,mil,test,0.0,0.0652774824580055,0.7646326276463262,0.1202860221373298,0.0621215292353871,0.7204259767822235,0.1080934241729477,0.6658439291393553,0.6750600720819127,0.0660043913889856,0.0985863216681278,0.2444999862711869,0.4353351964245239,44.0,,,,,,,
resnet50,mil,train,0.003117030320204,0.0702376729336644,0.6836653386454183,0.1273879045827972,0.0799191877227746,0.7189688340665434,0.1243064105532553,0.691522817090624,0.7531972209534911,0.0800171623765567,0.1376910521398113,0.2311537291181557,0.4122793707847764,45.0,,,,,,,
resnet50,mil,validation,0.0,0.065341994650363,0.6380597014925373,0.1185441941074523,0.0626773665192868,0.642174180817268,0.1053058763448832,0.6564174996677921,0.6804266600524906,0.066541301433382,0.1061980366380274,0.2335368420867128,0.4131701593849047,45.0,,,,,,,
resnet50,mil,test,0.0,0.066000256311675,0.6413449564134496,0.1196839414362073,0.0655283222042575,0.6362660618926291,0.1084176645821367,0.6586762558997397,0.6642122627934347,0.065061369256485,0.1005089566167286,0.2330933061816156,0.4128746920194228,45.0,,,,,,,
resnet50,mil,train,0.0002833663927458,0.0663289917993246,0.6573705179282868,0.1204995253049003,0.0737217824271946,0.6952109513999061,0.1146507219989721,0.6635792248167327,0.7376696307074073,0.0712503897716848,0.1199174102587667,0.2309724697875829,0.4134960623062486,46.0,,,,,,,
resnet50,mil,validation,0.0,0.0612321095208462,0.6119402985074627,0.1113248104989252,0.0731392622549381,0.615481127109226,0.1007202886804147,0.6304870141148409,0.6659524724959005,0.0615962834198038,0.0943043276843637,0.2331816537990986,0.4146537023271862,46.0,,,,,,,
resnet50,mil,test,0.0,0.0630440189007709,0.6313823163138231,0.1146410401356698,0.0617143114144707,0.6223296733966375,0.0965557476097096,0.6361532479645859,0.6737153974815939,0.0624119460042872,0.0927014296641073,0.233594648486499,0.4154002342643341,46.0,,,,,,,
resnet50,mil,train,0.0,0.0609016204592581,0.6318725099601593,0.11109554497058,0.0659620263034,0.7121942842376962,0.1067370735944058,0.639875284559135,0.7353219857618031,0.073379418099867,0.1357562387265951,0.2375279020173,0.4216465669879877,47.0,,,,,,,
resnet50,mil,validation,0.0,0.0565549676660787,0.5982587064676617,0.1033408529380169,0.0651243504884515,0.658154079064867,0.1005972228355619,0.6098926706377235,0.6812846358518582,0.0635016796169313,0.1117595516411005,0.2405710799118631,0.4240997400862072,47.0,,,,,,,
resnet50,mil,test,0.0,0.0576467803030303,0.6064757160647571,0.1052859150362123,0.0603493482007949,0.6523788692907371,0.0975834953377886,0.6149218180194471,0.6750003460677563,0.0625213118714961,0.1051271658669007,0.2396096912683926,0.4228970853344599,47.0,,,,,,,
resnet50,mil,train,0.0059506942476622,0.0775535236396074,0.7389110225763612,0.1403738930796982,0.079802765952952,0.8083957130366477,0.1367124778666761,0.7363789580803788,0.7940269292631729,0.1040735606242478,0.1672111153354142,0.2165808338005512,0.387913309060339,48.0,,,,,,,
resnet50,mil,validation,0.0013262599469496,0.067524115755627,0.6529850746268657,0.1223918871663364,0.0661110542028592,0.662416994625291,0.1129802189318934,0.675987443366124,0.684287053698762,0.0737542521636643,0.1120384553775766,0.2218843312361268,0.3911517688126825,48.0,,,,,,,
resnet50,mil,test,0.0013333333333333,0.0704317203599843,0.6724782067247821,0.127508854781582,0.070306769450471,0.6690253091691635,0.1190542281224564,0.6890657915471464,0.7045360460614618,0.0740286215860248,0.1111232888037099,0.2195841038427008,0.3887987878106782,48.0,,,,,,,
resnet50,mil,train,0.0,0.0733793343383973,0.6722443559096946,0.1323156546514363,0.0703216034118559,0.7146972377718693,0.1181351161802659,0.7017397455721357,0.7472399628054716,0.0860735634238061,0.1242610262770503,0.2224798443917591,0.4104405400785492,49.0,,,,,,,
resnet50,mil,validation,0.0,0.068529965063155,0.6343283582089553,0.1236963376182391,0.0664963662141559,0.6501730380113702,0.1109184890151521,0.6658287030987146,0.6789593346705475,0.0737519851912258,0.10264832133383,0.2247138914741308,0.4117305041901985,49.0,,,,,,,
resnet50,mil,test,0.0,0.0714382540328046,0.6562889165628891,0.1288508557457212,0.0672703254713057,0.6676110737855536,0.1127657389391186,0.6835370245071262,0.690387184622833,0.0758014374632148,0.1010742960375997,0.2239368172659686,0.4116614701380331,49.0,,,,,,,
resnet50,mil,train,0.0,0.065812650120096,0.6549800796812749,0.1196071298654056,0.0703448350303814,0.7128690945585222,0.1176613081179303,0.6595550028161095,0.7334139864115773,0.0707918731017253,0.1157893363472098,0.2353440292605558,0.419791588006036,50.0,,,,,,,
resnet50,mil,validation,0.0,0.0605347858380787,0.6082089552238806,0.1101103355100202,0.0619297684447117,0.6516578003228279,0.1045019189081648,0.6296939192985532,0.6730011922961019,0.0608238763505594,0.0972947464654656,0.2377379078353537,0.4213429692210457,50.0,,,,,,,
resnet50,mil,test,0.0,0.0642866059168643,0.6413449564134496,0.1168595416383027,0.0653153065839034,0.6555200134055625,0.1098380878925513,0.6410182368300298,0.678442714733578,0.0643456970397555,0.096665164432142,0.2374934333454311,0.4218354719490309,50.0,,,,,,,
resnet50,mil,train,0.0053839614621705,0.0775962835306458,0.6876494023904383,0.1394559655265284,0.0790970159918115,0.7696337059627654,0.1272550287151425,0.7196950063822379,0.7903712326817728,0.0981208915308247,0.1777781162201072,0.2146467742448766,0.3843156246687967,51.0,,,,,,,
resnet50,mil,validation,0.0013262599469496,0.0668058455114822,0.5970149253731343,0.1201652271873826,0.0628430228245742,0.6233254597530081,0.1057502545441914,0.6663687133434015,0.6886131371927618,0.0725827706538657,0.1152150679093424,0.2183608784009933,0.3857782825437159,51.0,,,,,,,
resnet50,mil,test,0.0,0.0712302138294918,0.638854296388543,0.1281698938163647,0.0660789893003673,0.6438072157336715,0.1113996282090496,0.6761834919908426,0.69008082757465,0.0731412089077996,0.1031346819168176,0.2187502077849061,0.3873629395616302,51.0,,,,,,,
vit_base,mil,train,0.0002833663927458,0.077905745300503,0.6252324037184595,0.1385480121244224,0.0860431108252797,0.7751472488386508,0.1382857431793888,0.7318737505577971,0.8142326023604279,0.1059801842752759,0.1781030734739997,0.207640625190762,0.3505731321746664,42.0,,,,,,,
vit_base,mil,validation,0.0,0.0703924263246297,0.5733830845771144,0.125390996872025,0.0737297498223694,0.6604024749381966,0.1188180989126637,0.6915484226876258,0.7393637658523526,0.0819546941420908,0.1294259369744945,0.2132046150175317,0.3546939852153429,42.0,,,,,,,
vit_base,mil,test,0.0,0.0708085883965281,0.5790784557907845,0.1261872455902306,0.0727842299585909,0.6514350894473854,0.1165785586675879,0.6939139188093681,0.7413066465108359,0.0806582886773133,0.1261441027730267,0.2136498888549125,0.3547701569036929,42.0,,,,,,,
vit_base,mil,train,0.0005667327854916,0.0913873487903225,0.7705179282868526,0.163395195584218,0.0890760196383801,0.7909038650145773,0.1547195941786601,0.7813711937316642,0.8083696944964501,0.1218246613994958,0.1659753286107745,0.197624245373033,0.3441032185993811,43.0,,,,,,,
vit_base,mil,validation,0.0,0.0816681146828844,0.7014925373134329,0.1463035019455253,0.0755929259517177,0.6836957122520282,0.1312960737567068,0.7383091055858908,0.7255232106163862,0.0944312920102497,0.1350929106127058,0.2030271609278094,0.3476920528540391,43.0,,,,,,,
vit_base,mil,test,0.0,0.0843585237258348,0.7173100871731009,0.1509631765168392,0.0767406561674449,0.6706497159129118,0.1322942153056662,0.741784114440742,0.7345609062563409,0.0928949071414715,0.1174771366770409,0.2023742434313187,0.3466089626322748,43.0,,,,,,,
vit_base,mil,train,0.0002833663927458,0.0839371381306865,0.6738379814077026,0.1492791997646366,0.0801467892498136,0.7631836131607713,0.1358622402401496,0.7397229190429064,0.7915859080186446,0.1021867431108858,0.1606491016773745,0.2022461955587713,0.3613576745032029,44.0,,,,,,,
vit_base,mil,validation,0.0,0.078196872125115,0.6343283582089553,0.1392301392301392,0.0744065953866195,0.6867706988473965,0.1253169890408466,0.7095453065493765,0.7314801199723852,0.085874767100896,0.1342490959625701,0.2067825712357595,0.3652022699028406,44.0,,,,,,,
vit_base,mil,test,0.0,0.0787823160471164,0.6413449564134496,0.1403269754768392,0.0737163318142524,0.6718958327041017,0.1242365609302393,0.7148717119960454,0.7364625720154908,0.0841383863250497,0.1344874403545449,0.2060610452848891,0.364624292260756,44.0,,,,,,,
vit_base,mil,train,0.0002833663927458,0.0837654181829892,0.6908366533864542,0.1494140625,0.0850095661708313,0.790861827163773,0.1430752097665663,0.752296943727183,0.8152035138002686,0.1083823929662626,0.1845903949931854,0.204507058747467,0.350393871279773,45.0,,,,,,,
vit_base,mil,validation,0.0,0.0759248210023866,0.6330845771144279,0.135588705380927,0.0751484503165555,0.6756401114260737,0.1260504526874826,0.701939915296619,0.7163332080488753,0.0809916544121923,0.1353996180877973,0.2098141027450027,0.3528244718547234,45.0,,,,,,,
vit_base,mil,test,0.0,0.0761080435755857,0.635118306351183,0.1359275053304904,0.0735953003790819,0.6653273340529264,0.1232969749738007,0.7094787745375359,0.7367457581740979,0.0818154158007065,0.13176286699014,0.2105340253689752,0.3541570350733461,45.0,,,,,,,
vit_base,mil,train,0.0002833663927458,0.0872753252613371,0.6164674634794157,0.152903587074673,0.086542471864018,0.7015409263543901,0.1455400116938427,0.7501664334846265,0.7827839728082803,0.1070852395887409,0.1555847613723705,0.1814580302144453,0.3258880459618468,46.0,,,,,,,
vit_base,mil,validation,0.0,0.0811330652211925,0.5771144278606966,0.1422658286064694,0.0773194587492047,0.6085334923859801,0.1296852900508562,0.7195221595116515,0.7153066132817167,0.0909711596111685,0.1332344466572148,0.1850517184155318,0.3290474509983818,46.0,,,,,,,
vit_base,mil,test,0.0,0.0800966683928879,0.5778331257783312,0.1406913280776228,0.0752754362702389,0.6142993623868435,0.1266706500535634,0.7187818692107195,0.7258326737165051,0.0894385446022803,0.1257240269822927,0.1855904606095794,0.3295347040151836,46.0,,,,,,,
vit_base,mil,train,0.0005667327854916,0.088554878279635,0.6212483399734395,0.1550135860560673,0.0900099406427809,0.6895756651038774,0.1429784183796755,0.7469725659678753,0.7879365433242768,0.1034606827417788,0.161538656691409,0.1885144473241501,0.3387014930518136,47.0,,,,,,,
vit_base,mil,validation,0.0026525198938992,0.0794173747182243,0.5696517412935324,0.139400395677979,0.0716098972728551,0.6110156569689642,0.1191641542869078,0.7151597934080016,0.7211583465616996,0.0840599482435649,0.1302475917580311,0.1932465989976935,0.3422730207802117,47.0,,,,,,,
vit_base,mil,test,0.0,0.0853425845620121,0.6127023661270237,0.1498172959805115,0.0791607757600331,0.635720320367219,0.129443171132093,0.7209827941563928,0.7345290706016114,0.0836401114566316,0.1270738321740503,0.1937706471030193,0.3422686520550151,47.0,,,,,,,
vit_base,mil,train,0.0005667327854916,0.0856443968812108,0.7439575033200532,0.1536057033177954,0.084260590892618,0.8043702365816477,0.1438860911802321,0.7566876530502821,0.8074469551398908,0.1088205869103093,0.1699579133050846,0.2117654073580666,0.3590469065401968,48.0,,,,,,,
vit_base,mil,validation,0.0026525198938992,0.076080931263858,0.6828358208955224,0.1369077306733167,0.0724546390126442,0.698703833389395,0.1237048621421661,0.7133142127663799,0.729107146242355,0.0851068859695348,0.1367770425616509,0.2194907752917374,0.3646486988561926,48.0,,,,,,,
vit_base,mil,test,0.0,0.0776268367064042,0.6973848069738481,0.1397031308469502,0.0734745746687906,0.6954127735301003,0.1251941182586196,0.7168986432376887,0.7412498289109744,0.0856424052804972,0.1293301643492087,0.2187818556568031,0.3635262322008132,48.0,,,,,,,
vit_base,mil,train,0.0002833663927458,0.0773551892439451,0.6693227091633466,0.1386825160970777,0.0813146912948064,0.7619604552015179,0.1370861303615568,0.7209628091155781,0.7862777718200958,0.0936270614357593,0.1557908020139495,0.2089705220932653,0.3593253976608162,49.0,,,,,,,
vit_base,mil,validation,0.0,0.072069505768409,0.6293532338308457,0.1293290734824281,0.0730487065996705,0.6922436832038271,0.1230710658478233,0.694152257663252,0.7340385501400212,0.0810302543791093,0.1371138903613091,0.2130896084866269,0.36345028495555,49.0,,,,,,,
vit_base,mil,test,0.0,0.0722908677744638,0.6338729763387297,0.1297807241203467,0.0718347593986904,0.675158353386931,0.1207241897657646,0.6928152778060153,0.7392971430705627,0.0771800345831129,0.1211747873801637,0.2131344772990312,0.3620737020519841,49.0,,,,,,,
vit_base,mil,train,0.0,0.0805605968945352,0.6366533864541832,0.1430233598854381,0.0881042354436599,0.722117589497912,0.1431730770424461,0.725858707407327,0.7931686607780515,0.0975354181308947,0.1595387951928717,0.2007528261313624,0.3472404455391396,50.0,,,,,,,
vit_base,mil,validation,0.0,0.0730074719800747,0.5833333333333334,0.1297731045932484,0.0767424004517191,0.6257020929186035,0.1247873495826669,0.6935432556821346,0.7250394993269893,0.0808757012116724,0.1328115125837395,0.2039847007754485,0.3489064942884959,50.0,,,,,,,
vit_base,mil,test,0.0,0.0782302510716472,0.6363636363636364,0.1393319700068166,0.0818142645445072,0.6669674880480921,0.1324433566846857,0.7032988234833699,0.7388018349331554,0.0793148665471027,0.1327143182894388,0.2051174897488847,0.3510824450069945,50.0,,,,,,,
vit_base,mil,train,0.0,0.0754106710811155,0.7864541832669323,0.1376249128514989,0.0676812241079068,0.79718013057712,0.1192612896061847,0.7275429751512539,0.7587830168499611,0.0958521545537315,0.1311302257228482,0.243546609560976,0.4163868099455868,51.0,,,,,,,
vit_base,mil,validation,0.0,0.0708578143360752,0.75,0.1294824994631737,0.0627929006477382,0.7301042836812706,0.1104316972076025,0.7021692214975219,0.7098219218255507,0.0829337519179953,0.1178274874674764,0.2475532855468614,0.4194119284982331,51.0,,,,,,,
vit_base,mil,test,0.0,0.0728367371030574,0.7683686176836861,0.1330601682122061,0.063196004103436,0.7380833270737179,0.1115207797055409,0.7112259974557713,0.7210731013021054,0.0814138584373475,0.1161222582056317,0.246763946719736,0.418481960405906,51.0,,,,,,,
siglip2_so400m,mil,train,0.1078626170877093,0.2239812195268765,0.9893645307099176,0.3652694610778443,0.2118126401501562,0.997389352293766,0.3451249036831448,0.9654044682632112,0.9711373339646292,0.4897384134715988,0.6140885374949658,0.099574374895594,0.2095679211066076,42.0,0.9240642082886928,0.8905042575064565,1.6522849843883054,0.0177248139136475,0.7140549273021002,0.955304254173398,0.9929994614970382
siglip2_so400m,mil,validation,0.0741721854304635,0.1674482758620689,0.7540372670807454,0.274040632054176,0.145204431233986,0.6724674566362796,0.235689745211746,0.8750990798378975,0.8473473324393018,0.2353429487259016,0.2712845364274381,0.1111176461532154,0.2112763014131762,42.0,0.8022869068540395,0.7754517956355029,3.0450331125827814,0.0602216882939752,0.4486215538847117,0.7919799498746867,0.8947368421052632
siglip2_so400m,mil,test,0.0781456953642384,0.1671699149052978,0.7555831265508685,0.2737693863789616,0.1381357981581475,0.6528524759092644,0.2250203161040448,0.8709406538789066,0.8379361601558053,0.2369093706637624,0.2633287709847464,0.1119685618970323,0.2120496883475289,42.0,0.8008996334317195,0.7819023089724599,3.201324503311258,0.0625326985893915,0.475,0.7925,0.8925
siglip2_so400m,mil,train,0.0828839057621345,0.2372665264231529,0.9896304174421696,0.3827642945290004,0.224116913498007,0.9976425729761176,0.3635780829235748,0.9722392716072168,0.9755205674719682,0.5659213792301209,0.663093220126441,0.0934484744213548,0.2003314565793364,43.0,0.9305854709045392,0.91006684991925,1.5413000283848992,0.0139347218907623,0.7754442649434572,0.970382337102854,0.996230479267636
siglip2_so400m,mil,validation,0.0609271523178807,0.1759556463379048,0.7490683229813665,0.2849716446124763,0.1461754298990521,0.6503702951682908,0.2371813020882487,0.8799919911180467,0.8516024572370874,0.2609387479726123,0.2765831211078328,0.1055980804322882,0.2019716585338523,43.0,0.8055925135400929,0.7848857614002361,3.0317880794701986,0.0595175898807826,0.4862155388471177,0.7944862155388471,0.8972431077694235
siglip2_so400m,mil,test,0.0635761589403973,0.1775287525803597,0.7468982630272953,0.286871574934477,0.1456854326618028,0.6291747106078094,0.2350698354644218,0.8758996908322344,0.8393661932003289,0.2607844572924322,0.269418046990208,0.105548091280318,0.2018213107434922,43.0,0.8059430434698124,0.7894112476645535,3.1695364238410595,0.0607407264463805,0.5,0.8125,0.9
siglip2_so400m,mil,train,0.1095657110417258,0.252668797171415,0.9880350970486572,0.402425817630496,0.2408576410650068,0.9973601695572156,0.3849840455472973,0.972597593035396,0.9757153691397455,0.562485180911638,0.6574878909409138,0.0869336731683657,0.1878283915648766,44.0,0.9302230864569976,0.9102496702325392,1.5359068975305137,0.0138312737229791,0.7749057619816909,0.9676898222940228,0.9967689822294022
siglip2_so400m,mil,validation,0.0874172185430463,0.1830230356579362,0.7204968944099379,0.291897332662305,0.1546216658500163,0.626151823064523,0.2461193063230655,0.8789355061579021,0.8491094136929082,0.2527696162991474,0.2709422039006052,0.0991227933284127,0.1885562000562504,44.0,0.8032202474972279,0.7842906842061901,3.0344370860927152,0.0588578986140323,0.4887218045112781,0.8095238095238095,0.9072681704260652
siglip2_so400m,mil,test,0.0821192052980132,0.1833489242282507,0.7295285359801489,0.2930475953152255,0.1511436510547145,0.6175285484981334,0.2407701307650356,0.8747668676195346,0.8374189574141048,0.2595754562376601,0.2720697278589253,0.0994569215936915,0.1887363726104492,44.0,0.8022364397773295,0.7867573002504002,3.1549668874172188,0.0608908031668575,0.4975,0.785,0.915
siglip2_so400m,mil,train,0.070110701107011,0.1950231481481481,0.9856421164583888,0.32561816504897,0.1875938692866024,0.995595199137698,0.310803095494527,0.956940921837506,0.9635716540354466,0.4431621515938862,0.5313880306500496,0.1152791023608986,0.2351775919874982,45.0,0.9117163116810556,0.8699635320270144,1.80102185637241,0.0222772266074469,0.6693591814754981,0.940764674205708,0.984921917070544
siglip2_so400m,mil,validation,0.0556291390728476,0.1522940187364881,0.7875776397515528,0.2552334943639291,0.1331126470157546,0.7130187424705747,0.2211149231656376,0.8730562993465714,0.8505301260217294,0.239992953878362,0.2705517554655036,0.1252264849259582,0.2369976908684714,45.0,0.8007867674737487,0.7717014209171038,3.0649006622516555,0.061597749576412,0.4411027568922305,0.7669172932330827,0.899749373433584
siglip2_so400m,mil,test,0.0503311258278145,0.1535697172975563,0.7952853598014888,0.257429718875502,0.1304611859308612,0.6864246160070909,0.2154841658044481,0.8716156237043909,0.8394829767459366,0.2352787527005901,0.2587954217417174,0.1253189293051661,0.2372239262222108,45.0,0.8077529213484594,0.776530267450777,3.2,0.0627366592672031,0.475,0.785,0.9025
siglip2_so400m,mil,train,0.0789100198694294,0.2088941229250785,0.9904280776389258,0.3450192191914046,0.1941849092888042,0.9978503115709808,0.3212887096977473,0.9650015275384188,0.97209043237511,0.5037813146923564,0.6192285060083138,0.1065294723864602,0.2201046832513302,46.0,0.9243050557213426,0.887636088481503,1.6897530513766676,0.0185457744209549,0.7189014539579968,0.9536887452880992,0.9903069466882068
siglip2_so400m,mil,validation,0.0596026490066225,0.1588235294117647,0.7714285714285715,0.2634146341463415,0.1352738019069115,0.6906980008770429,0.2233348774377304,0.8744271243301583,0.8501277523887493,0.2351811543428952,0.2659267433838381,0.1186834172427961,0.2226285863306052,46.0,0.8027635993942926,0.7723222591744145,3.037086092715232,0.060972589904728,0.4335839598997493,0.7719298245614035,0.8972431077694235
siglip2_so400m,mil,test,0.0582781456953642,0.1625224301461164,0.7866004962779156,0.2693860208200552,0.134336737295264,0.6884781362417141,0.2217880228777946,0.8738780772409925,0.8408350465879415,0.2390232520519613,0.2594493887577368,0.1179032191172523,0.2219636149525716,46.0,0.8110780960766689,0.7767812052179967,3.19205298013245,0.0634485268218579,0.47,0.7625,0.915
siglip2_so400m,mil,train,0.0939540164632415,0.2283912830558276,0.9920233980324382,0.3712991988854058,0.215206099696454,0.9981297177663744,0.3513715443800547,0.9702399982057676,0.9738254296872216,0.5495752027664402,0.6453983140756826,0.0965994329461085,0.2031594072550192,47.0,0.9263835734416054,0.9047805355337002,1.5676979846721544,0.0149201469689196,0.7560581583198708,0.9676898222940228,0.9956919763058696
siglip2_so400m,mil,validation,0.062251655629139,0.1708486044544685,0.7527950310559006,0.2784926470588235,0.1440037333837206,0.662390265196822,0.2347541032992534,0.8768505501380072,0.8452888005303688,0.2540033695310094,0.2749756465095717,0.1084053561679747,0.203884978982549,47.0,0.8005303527510467,0.7827847472155075,3.083443708609272,0.0602496826575508,0.4987468671679197,0.8120300751879699,0.9022556390977444
siglip2_so400m,mil,test,0.062251655629139,0.1738885762521103,0.7667493796526055,0.2834862385321101,0.1426794905858486,0.6451304117096521,0.2320231991127578,0.8748026760390657,0.8366115724643961,0.2490432829857501,0.2604546375784971,0.1087626481428578,0.2045407313156089,47.0,0.8015015734413918,0.7887108309994081,3.1218543046357614,0.0590389079654086,0.5125,0.8,0.9125
siglip2_so400m,mil,train,0.0950894124325858,0.2344588198169769,0.9877692103164052,0.3789656227685402,0.2152099060176462,0.997229664835112,0.350995647164329,0.9691061102123304,0.9734230290427136,0.5347975200085197,0.6264707271256514,0.0950074243488744,0.2021461094572562,48.0,0.9270169219692204,0.9029221332173376,1.583025830258303,0.015201278479796,0.7571351642434033,0.9687668282175552,0.9956919763058696
siglip2_so400m,mil,validation,0.0701986754966887,0.171378606820169,0.7304347826086957,0.2776203966005666,0.1435610429162034,0.650374848146046,0.2333548573864887,0.8795543211871019,0.8517054061328967,0.2532132834223207,0.2716864049710727,0.1066408986232759,0.2033479481370416,48.0,0.8045224826832773,0.7849030779861356,2.962913907284768,0.0573024729323242,0.4786967418546365,0.8020050125313283,0.912280701754386
siglip2_so400m,mil,test,0.0649006622516556,0.1711659965537047,0.739454094292804,0.2779850746268656,0.1367514092774898,0.6213703902224768,0.2222499025203572,0.8751455510974132,0.8408466602888949,0.2533801904947877,0.2728075320434328,0.1077839418819744,0.2047696815478424,48.0,0.8089100529453828,0.7844178157867387,3.132450331125828,0.0609951977947643,0.4975,0.775,0.8875
siglip2_so400m,mil,train,0.1132557479420948,0.2519967510491404,0.9898963041744216,0.4017264634475317,0.240140526834295,0.997807095446804,0.3847949464721507,0.9739790489050512,0.9768674713687016,0.5820491042950132,0.683392581117876,0.0873582412662834,0.1893238607360153,49.0,0.9323104191899227,0.9156270866280116,1.4978711325574794,0.0127369544728761,0.786214324178783,0.9693053311793216,0.996230479267636
siglip2_so400m,mil,validation,0.0768211920529801,0.1827618748033972,0.7217391304347827,0.2916666666666667,0.1504642442540551,0.6188055160390079,0.2406960250845111,0.8779293087269313,0.8482833442421227,0.2621862417957458,0.2747378399997612,0.099539734842346,0.189631380090675,49.0,0.8012323341710487,0.7858196109904122,3.066225165562914,0.0602282581962064,0.4937343358395989,0.8020050125313283,0.8922305764411027
siglip2_so400m,mil,test,0.0688741721854304,0.1853688778673279,0.7419354838709677,0.2966269841269841,0.1508163323297471,0.6244444045833065,0.2416102065658537,0.876548945886646,0.8386316394118151,0.2577055138562329,0.2607243725976563,0.1001492362095821,0.1905234681455208,49.0,0.80497871760445,0.7845245849784427,3.168211920529801,0.0609163135700938,0.4875,0.7975,0.9025
siglip2_so400m,mil,train,0.106727221118365,0.2436090225563909,0.9906939643711778,0.3910579345088161,0.2303635305432709,0.9979241200454456,0.3712606322857679,0.9731527562322474,0.9768010462600708,0.5718556875497607,0.6691334961585664,0.0903658200768057,0.1932423347365925,50.0,0.9324538634331392,0.9127896521175396,1.5353391995458416,0.0135752716504572,0.7851373182552503,0.9730748519116856,0.9956919763058696
siglip2_so400m,mil,validation,0.0728476821192053,0.1751736635457565,0.7204968944099379,0.2818270165208941,0.1456214906320057,0.6194167548850517,0.2339763559863127,0.8768064841008225,0.8470498248114339,0.254337467966957,0.2623601264233089,0.1030214006482607,0.1942301855889759,50.0,0.798802908350564,0.7889398439154904,3.0596026490066226,0.0592331995473068,0.5087719298245614,0.8070175438596491,0.9047619047619048
siglip2_so400m,mil,test,0.0781456953642384,0.1798625634896922,0.7468982630272953,0.2899109077775102,0.1471174395553774,0.6261434939761251,0.236430576222451,0.8751120085989645,0.8378221443063073,0.253899946052917,0.2619477357293422,0.1029115585139375,0.1937567285227478,50.0,0.8072801082117931,0.7870485323720149,3.1536423841059604,0.0597998918454159,0.49,0.795,0.9275
siglip2_so400m,mil,train,0.080896962815782,0.2150710955040009,0.9933528316936984,0.3535869770963468,0.2043160474205422,0.9980549422074774,0.3353238732807769,0.9659360367482622,0.9712902978323008,0.5035869928973858,0.6086760675698712,0.1027497891532531,0.2123555159947177,51.0,0.9236823144373486,0.8903967785672726,1.6562588702810106,0.0175816640175696,0.7221324717285945,0.9606892837910608,0.9940764674205708
siglip2_so400m,mil,validation,0.0649006622516556,0.1642422639513356,0.7714285714285715,0.270824247710423,0.1396493039965458,0.6748843934860638,0.2286858828438943,0.8757101953410994,0.8480835216777234,0.242470005314826,0.2646737148811589,0.1145851450984632,0.2144588586202027,51.0,0.8037025619395873,0.7805914214863958,3.07682119205298,0.0600020608152058,0.4761904761904761,0.7794486215538847,0.9097744360902256
siglip2_so400m,mil,test,0.0529801324503311,0.1611807732497387,0.7655086848635235,0.26629261976694,0.1308014941541972,0.6452876881253691,0.2147261712648087,0.8687180599540745,0.8311908847909629,0.236205281017185,0.2465854851087577,0.1145047035057095,0.2134408996382247,51.0,0.7976258541733477,0.7755133772485473,3.256953642384106,0.0645223453104399,0.4575,0.78,0.91
