case_id,photos
-1003358831658393077,1
-1013831220015814987,1
-1022162013984621110,1
-1031911667791094656,3
-1033431645373513522,3
-1061801124542504778,1
-1127347074157114394,1
-113091225230567987,3
-1148272184782133632,3
-1186785859296268316,1
-1255305323698889844,3
-1302658650662297368,3
-1364647863765645582,3
-1378709613121042762,3
-1381447668976406600,3
-1390386660930294961,1
-1401882893833923465,1
-1410373638686722492,2
-147708187468899383,3
-1499518133606453111,3
-150838352918869442,3
-1571750243156555704,3
-1587438555169083999,1
-1595867844041726825,3
-1596197624011855985,2
-1616454963494052359,3
-1650964543725469791,2
-167378004455290906,2
-1721193395195371413,1
-172847504564561903,3
-1733088243273090927,3
-1733892733234992438,3
-1739997494738345481,3
-1763853739567713066,1
-177741761654665523,1
-1816252377879876704,1
-1843438970712066693,1
-1868963273118308625,3
-1884386860080869294,3
-1909214615567585672,3
-194017562508969044,3
-1942650442362782039,3
-1981350712289441637,2
-1989306803632942402,1
-2003651929853335958,1
-2009076901863769058,1
-2021623206586982766,2
-2025662459941441200,1
-2051529073502780670,3
-2079383910052664228,1
-2087328523973467169,2
-2088606867004492139,3
-2091950744963898567,3
-2095672275036950296,3
-2110024220741452514,3
-2117370401055716418,2
-2124276015150406331,3
-2151981460582938737,2
-2157254992256757926,1
-2234159851162385941,3
-2268566413642379377,1
-2299953912359834796,1
-2305175233838037269,2
-2375843028488783684,3
-2397769908121479148,3
-2398320529907536007,3
-2424847738526446604,3
-2451133106015456592,1
-2458386020616457489,3
-2472582145754793649,2
-247428263627831494,1
-2476666525066355593,2
-2498171137102779325,2
-2514467038397595743,3
-2532399363694021270,3
-2658310133261964243,1
-2683650026574626295,1
-2704067241457051662,1
-272905418481506543,3
-2752892469117874055,3
-2777977347055512440,1
-2783613313320624421,3
-2825268606715146676,3
-2839256645523105018,2
-2926740329983193648,3
-2941189066721502335,3
-2971165393662420783,1
-2973481794307902887,3
-2993747088586116770,2
-3009021159089591187,3
-3080746527613964567,2
-3154952215641996585,3
-3165884193421554204,3
-3182809862860496086,2
-3208362477794549016,3
-3235011894410927150,3
-3254428368288170569,1
-3264520064072087921,2
-3272749801664805139,3
-3274313382260132631,1
-3319916890048474709,2
-3364861318434448691,3
-3368700702387238612,3
-3409164447306126047,3
-3435649364043344228,3
-3446760660757496198,1
-3451055451466346496,2
-3465753245040059951,1
-3474834728281297218,1
-3508263302029113573,3
-3546401502157145072,1
-361434018046650255,1
-362162726839954708,3
-3686427836208036381,1
-3709647468490574581,1
-3736850922923665026,2
-3754475935354644970,1
-3761516173022305921,3
-3768594983498155183,1
-3794873461762905046,1
-3810890554448335645,1
-3865684081418033870,3
-3871839807525937167,1
-3916369382395560410,2
-392005153369306689,1
-3986748508757622431,2
-401375748979711136,3
-4046670466073814031,3
-405175861936400543,1
-4056611902312817215,3
-4058464818092242774,2
-408534567856996060,2
-408774889650325500,1
-4101417443465145950,2
-4151350569016626448,3
-416553236304446649,1
-4170682922251092655,3
-4201974541515122921,3
-4208839889358323211,1
-4224434040130136903,1
-4244106461387893359,1
-4299406694606216536,3
-4330087889722072975,1
-4354725697473998962,3
-4365582927344192621,1
-4431962068713879149,3
-4461661482364232184,2
-4504942680169931051,1
-4523074077849670027,3
-45293678358413706,1
-4534768867628142547,3
-4572573838215927835,3
-4573383150487721045,3
-457463002444974882,2
-4603590259708776060,3
-4701177369365447845,1
-4706983603646247130,2
-4721978287978346730,3
-4730197130348721884,1
-4745465191557253889,3
-4752985713674166359,3
-4757279327143309522,3
-479916690694777966,1
-4835629016710326461,3
-4863956147628945574,3
-4918969743870820961,3
-4941904797314668780,2
-4961646511590674396,1
-4998326269769441287,1
-4999461920169777167,1
-5082848560372092470,1
-5083690954535815004,1
-5110480118605969654,3
-5122446773279036270,1
-5156504397670032550,3
-5172588623366516741,3
-5180174733769372566,3
-5242570046602320422,1
-5256429932634187395,3
-5257206505787653259,3
-5259460570876140361,2
-5290023226334382045,3
-5292831202834374226,3
-5306092307392700103,1
-5350220404862050225,1
-5376888133703495985,3
-5378921138821203077,1
-5380195615141921084,3
-5382881724534486828,3
-5386109097423705653,3
-5393258047036880335,1
-5394780874354078799,1
-5409557810550060682,1
-5439131303742560915,1
-5449466016955373228,3
-545007797193276281,2
-5453455096954781425,3
-5482041191223063337,3
-5509136872198304738,3
-5526745907203879535,1
-5530479155432265675,1
-5536464459584180926,1
-5544919736541720663,3
-5585920928490955201,1
-5618669967128742094,3
-5669428885075492527,3
-5715460582418154283,2
-5725085268238981535,1
-5732857245539407305,3
-5759983830642479138,3
-5773542380724506264,1
-580190445123166798,3
-5857930516640788508,2
-5870484252477872901,2
-5944492305706296082,2
-5950660837920099035,1
-5985187582348783309,2
-6020814934897747901,3
-611262731968854358,3
-6126300786849773025,3
-6142155352076831737,1
-6160910001139376345,2
-6212634883634676939,1
-6245990737781985822,3
-6246888923989712302,1
-6335527817443031200,3
-6367742369859646290,3
-6387971651752188617,3
-641885332706015562,1
-6436867158860886441,2
-6459276838597422812,1
-647678337844118583,1
-6477152086839235973,2
-6483062780868727655,2
-6485920953755598815,1
-6508049374013203288,2
-6528630824527555826,3
-6529098219030905694,2
-6538757718308160129,3
-653960623298944365,1
-6554787190715943588,1
-6555047736356683148,2
-6559249874452629338,1
-6561484724818123004,3
-6650825212923919459,3
-6668568472132471501,3
-6688622400916552994,2
-6720849438880754673,3
-6732063356501658741,1
-6810169581887533982,1
-6811189384503856103,3
-6825636979443138102,3
-683808336710883373,3
-6870872571760343959,1
-694718296081673949,3
-6949936448954371336,2
-6965537796166785189,3
-6969050153229908945,1
-702063769022380390,2
-7030360920237166714,3
-7034573503756761597,3
-7055506519877140223,3
-7099821209555498751,1
-7140014089720664807,3
-7140426751919971254,3
-7153750305679064145,2
-7157869548539822982,3
-7191815880900565632,3
-7207936904591577531,1
-7221648301305734790,1
-7226629190452339625,3
-7291047305406945771,2
-7324602606007068226,3
-7365318175783188533,2
-736839246514769800,1
-7430852718957600670,1
-7432151961683759568,3
-7467584756618193499,2
-7521901094962732083,3
-75535091576112971,2
-7574036954441544498,2
-7612878196843202325,3
-7638839758035680,3
-7648328073811044824,1
-7657236532842762375,3
-7686686797903824624,3
-7689036669663361004,3
-7723715182116517809,1
-7792178611702309028,1
-7809998042930914346,1
-781109197195243132,3
-7818046014250231985,1
-7820093713010813140,3
-7850910308850229084,3
-7896793800778587250,1
-7924409046716568581,3
-7963486544231454621,3
-7982904542201097459,1
-8006613820033704079,3
-804039651290065439,2
-8041117472456032841,1
-8049510855839127388,3
-8054001866397330447,3
-8074230965389996366,2
-809338751368705429,3
-8116682316751899889,3
-8140327201126128987,1
-814440459687669003,1
-8148558003760418206,2
-8156476212310728850,3
-816196306713002260,2
-8286624049901325116,1
-8289380783204764467,1
-8299809889773574040,1
-8330055213516577390,3
-8348443567838198812,1
-8353405475093469225,3
-8385554111491399495,1
-8385695421243936139,3
-8425743791157482594,3
-8425933059055994650,3
-8453741722247259271,1
-845380407717415265,2
-8463684650171812258,1
-8551593375485997846,1
-8557698164091615119,2
-8558029126954162564,3
-859326882085129131,3
-8607840516776510795,3
-861934705126105157,2
-8631687299829398206,1
-8682722200146064228,2
-8689166439132544050,1
-8714014630063136316,1
-8733132539249310652,3
-8773804408232537379,3
-8820825380794020489,3
-8836604122134436193,2
-8840767215866317870,3
-8894705295203367911,3
-8894788461524728705,2
-8930963458793744903,1
-8955352738759646975,1
-8971734718128539001,1
-9023189933613259965,3
-90727038662084249,3
-9088690164876927903,3
-91617857795132386,1
-9190831902616637151,2
-9212359218854294582,1
-9215921701035518354,3
-9221405510313435829,2
-930794702419748852,1
-973877183987096833,3
-99532966175607458,3
1030761287403909506,1
1030861607933967063,3
1056335587924189931,1
1112871911944244778,1
1114663446458712487,3
1135209185406073197,1
1172852736661377291,1
1227727128416036901,2
1239121639034845096,3
12608478152982826,3
1270975923045429745,1
1272598141202058214,3
1309054410342893419,3
1315451198768282216,3
13835625549189005,1
1391938850483564684,3
1401206047265686434,1
1416449344928685496,3
1435283655405315411,3
1441821773832610687,1
1444216325514343990,3
1458168332783554305,1
1500116317334640431,1
1535583074068286237,2
1536806056159749402,3
1557197475595341234,3
1596080309290550584,3
1610643527361135382,3
1622051857171397810,3
1643819065600517653,3
1655608594195465621,2
1689387674613114667,3
1706523837116884451,3
1724238275387613430,3
1744488958958347097,1
1754947382186897051,2
1801354510756212900,3
1811694616504302388,2
1813851179464808841,3
1818532041670121872,1
1824804369047094023,3
1825362545195630068,1
1843946921972634656,1
1853978778702608787,1
1873603371710267239,1
1880877836911397327,3
1882819785205575342,3
1897960183334264196,3
1907862242724374121,1
193459679930269352,1
1947626991996543661,2
1970249032025055411,1
1974095114082906999,1
197413089653793303,3
1978971590503055521,3
1983213512230811667,1
1998812222166588964,3
1998979039035514842,1
2018015928333128817,2
2032126799370161520,1
205942603941902229,1
2079054500630628050,3
2084462406497898667,3
2085120739547287781,2
2101168462271180094,1
2103712614285052297,1
2105117466117805529,2
2126547957554095009,3
2147765736386887457,1
2166695033864361307,2
2216178882041769983,2
2236754577021954519,2
2263627624101810444,3
2265153482396412066,1
2324900476779413450,1
2340924818843837455,1
2383547606705121100,3
2405900134890460004,1
2423832154619234155,3
2437853527528263332,3
2445662674516338215,3
2458798159426055234,2
2462992227064038854,1
2466364176000821696,3
2476186720631597836,1
2479027514739303183,2
2497680448814826742,3
2511459874265987044,3
2544728617164619888,2
2568994983757403058,3
2590383695347966390,3
2639251888620867402,2
2642674397494652844,2
2644936636482505876,3
266896036315913072,2
2669401123043295329,1
2696418856835255165,1
2703731886619579739,1
2723647696931718217,1
2745337923083433502,3
2794438463747787756,1
2820953268023918077,1
2890351409108050673,3
2911542453433068160,3
2934759313746076779,1
2935245303932322231,2
2942902750715843167,3
3040361587480027503,1
3048596608278672157,1
3054184823275693364,1
3074771250611273293,1
3140482091238147853,3
3141781039761530613,3
3147497940114201569,1
3151112408724701096,2
3215944651782994554,1
3252058551465992298,2
3299546696242067710,1
3304530303509288213,3
3357713686961187228,2
3375457960029368063,3
3403912011860231714,1
3423507520383175516,3
3484176579142737523,1
3508096970709139981,3
3560883711994754354,3
3561189005885836895,3
3596099349781140328,1
3617649945346954163,1
3641213346667363410,3
3674651721709405257,3
3690588342135769403,3
3709961426407971963,1
3734363760523261685,3
3751140674205808783,3
3756269730817286328,3
3769301197196891122,1
3792345894543337291,1
3877679661085329616,1
3907804873656496630,1
3908037707863400902,3
3911133436257776280,3
3917475636034669186,2
3923679939537757782,3
3934330786494694357,3
3998476769988018648,2
4025578086861637599,2
4028764341103818445,3
4101257749965063444,2
4116581521009813672,3
4118932128019747471,3
4168671109103152917,1
4174741067077204848,1
4201330480450077270,3
4211680797398835347,2
4281678746282882507,3
4286344291006467189,1
4336168799610000274,2
4399950946871375227,3
4408864411024307516,3
4415183841130068283,2
441812726350535151,3
4424458690494893258,1
4496465657865018232,1
4497213824147905451,2
450266742138995514,3
4527849666026023929,3
4534906370701159713,2
4568546558823066996,1
4612431587689030172,3
461344679725709543,3
4631656125268536766,1
4642244126023808342,1
4651898277938950047,3
465628915945559990,2
4661589930380459281,1
4681724446514740962,3
4683669774378067614,1
4713441811380055126,3
4731527092242066076,3
4776545721984433702,1
4807333818606185992,3
4856684765008893013,1
4860862531174713006,3
4876519404118767625,1
4925212504509965956,1
4943128061314802945,3
4944394471941616638,3
4981924219389224217,3
5069127474605540768,1
5100815424449862591,3
5103634422680487672,2
522333850328332069,3
522633946607200300,1
5254912154391653537,3
5271771538970840283,3
5304169411078336610,1
5304541662818362266,2
5305014451993946534,1
532342982488973172,1
5333597754332194335,2
5345993529885915940,3
5351869948896770913,3
5361080985667681926,1
5366400551379791972,1
5396936597310548581,2
540262123856998731,1
542009806433449598,1
5454196086035642390,1
5461287862238262172,1
5483324975095927683,3
5530574831873823780,3
5542388212308879443,1
5551028479981095625,3
5652232162459108045,1
56856107549414564,2
5735405458925326543,1
5740361175836246381,2
5745332175467231773,3
5746719202949866434,2
5746971031254025438,3
5757270424284677695,1
5820803283917487342,2
5857944633962909834,3
5858206430170814591,1
5874158619662441175,3
5905650088890980532,1
5934517756964685033,1
597372832999055528,1
5974525857587806349,1
6030765418480115554,3
6055835778532338513,3
6075470705800251807,3
6089706399885906315,3
6144335021487759808,3
6165277088916834017,2
6191527294440585937,1
6217701841771476491,1
6236077446945003365,1
6262885913124679868,1
6321320097219260140,1
6338096152676330894,2
634565329435007721,2
6346810280364957510,1
6347677850823564715,3
6359230714617803548,2
6359749307485054893,3
6383063947856657975,1
6386040824107040991,1
6415504144508898342,1
6445721484338638524,3
6478808856238069889,1
6497616863106691573,2
6502156328163784414,3
6502303333756025967,1
6515246538929887996,1
6515291515799861767,2
6527306476712657067,3
6531930980591892054,3
6536128111500436890,1
655751619108090615,3
6588231721150624914,3
6619530900668871773,3
6633711489961225934,3
6660150832770676554,3
6706936975924217543,1
6762980127945112427,1
6771283846992121722,2
6776202438792784405,1
6807701980410857407,3
6830532847787111027,3
6833735103241008862,3
6869194189201531596,1
688514674509392111,1
6888944791448553400,2
6894504397941242248,1
691205466194376511,1
6927146015218290329,3
6965753912815389556,1
699107891649980076,3
7012247028724110226,3
7016019628017771783,3
7041987018660879909,3
7074318464321054653,3
7080229892107845400,1
7089137012855627786,2
7099728311668861821,2
710973518737806848,1
713531290049695300,1
7148753940245439812,3
7151606719275056352,2
7186873815594515823,3
7202299462338645173,2
723321381619482611,3
7255239130670710022,1
7277524144843033849,1
728144289746942042,3
7303749197675363359,3
7315911277383529493,3
7330209143801668860,3
7346307195670230922,3
7361347661641208429,2
7379308387271244241,3
7466346362776293226,1
7470478986187106035,3
748522260497776973,3
7556612673991404518,3
7575087341348739013,2
7604489673929377496,1
7624665106685351170,1
7644111098487913818,3
7649254551787655826,1
7681559784608965196,1
7692639177717688478,1
7710746745920131018,1
7722204000693864047,3
7722259034419551319,2
7725839505462261463,1
7749309406145954049,1
7771035470746933413,3
7800024012977097232,1
7834516257211580148,2
7852465164599698161,1
7866158614607619089,2
790360683690520778,3
7948232149813529685,1
7960457666530672586,1
7978747053447862871,3
7983361504090468022,3
7992099817197638769,3
7992843040462873166,1
799511949408239093,3
8002449745163938149,3
8010741868956993218,2
8030451491615126764,1
8044743903952045480,1
8072397233148323694,3
8072416612420928240,1
8112259532965094414,3
8124107657899971439,1
813985591513517003,1
8142922305296725414,2
817047050170665975,3
8171250579327107023,3
8180816002721912970,1
8261905725995338922,1
8325228546832495578,3
833670545830613221,3
8366685296281366557,3
8376081099122980433,3
8409513976707788794,2
8459067086276982316,3
8460240121716144698,1
8479149565436834873,3
8515344946680844818,3
8526851448906485320,1
8541067645190369594,3
8579033044441938004,3
8581055912873173590,3
860087713358687580,1
8603926466638692081,3
8610378261454617847,3
8614178873865901602,1
867712136283809616,3
8703075882165822765,2
8731979303690334416,1
8732747911428537693,1
8768147614562809909,1
8782672317230447778,1
8814239314811133615,3
8853180463163844569,1
8882028009541975226,3
8882862791433721722,1
8884082107026614373,3
8886144114619169253,3
8886524763396752520,1
890140358870966492,3
892392881379564588,2
8931407120322983957,3
8934048152803936311,3
8954420160516502648,3
8963932600544524791,3
9032393467447326209,3
9065470435921179343,3
9114324332147869982,3
912700613781949239,1
9149625526357060704,3
9202204272208156818,1
920332081415138775,3
930124461134778983,3
935346003160692168,1
943125820577516833,1
963255640946853770,3
963694477603925530,1
966663640331506400,3
