model_id,encoder,classifier,scope_n,selected_positive_labels,scope_positive_cases,scope_all_zero_cases,pr_no_skill_baseline,roc_auc_macro,roc_auc_micro,pr_auc_macro,pr_auc_micro,pr_macro_lift_ratio,pr_micro_lift_ratio,pr_macro_normalized_gain,pr_micro_normalized_gain,pr_auc_macro_ci_95_lower,pr_auc_micro_ci_95_lower,roc_auc_macro_ci_95_lower,roc_auc_micro_ci_95_lower,pr_auc_macro_ci_95_upper,pr_auc_micro_ci_95_upper,roc_auc_macro_ci_95_upper,roc_auc_micro_ci_95_upper
bit50__gradient_boosting,bit50,gradient_boosting,5,443,291,459,0.11813333333333334,0.6827926913509162,0.7357831155064057,0.21653207676956207,0.2474427572473866,1.8329464737829746,2.0946057329067713,0.11158006891014749,0.14663149067967937,,,,,,,,
bit50__gradient_boosting,bit50,gradient_boosting,10,594,341,409,0.0792,0.6870020388750568,0.7644089802357975,0.16499646630684303,0.21084146206927362,2.0832887159954927,2.6621396725918385,0.09317600598049851,0.14296422900659606,,,,,,,,
bit50__gradient_boosting,bit50,gradient_boosting,15,683,367,383,0.06071111111111111,0.7046703425845485,0.7794966816358726,0.13406340283457738,0.17979517439165105,2.208218567919466,2.9614871330982053,0.07809343066991536,0.12678108374241265,,,,,,,,
bit50__gradient_boosting,bit50,gradient_boosting,20,752,389,361,0.050133333333333335,0.7137313116120156,0.7846548265079385,0.11333464671394619,0.1547038910997619,2.2606644956239266,3.0858488916175912,0.06653703682686643,0.11008972252220862,,,,,,,,
bit50__gradient_boosting,bit50,gradient_boosting,25,803,398,352,0.042826666666666666,0.693242186834835,0.7855901779704056,0.09653221774495778,0.1374173286498901,2.254021273621368,3.208686067478754,0.0561084907069682,0.09882291815821247,,,,,,,,
bit50__knn,bit50,knn,5,443,291,459,0.11813333333333334,0.6058786846819393,0.662629581822811,0.1709519512505692,0.20474230563435722,1.4471101968163307,1.7331459280560713,0.05989410861494843,0.0982109604260174,,,,,,,,
bit50__knn,bit50,knn,10,594,341,409,0.0792,0.6176213701152614,0.6931704827013255,0.12558404376817792,0.16777991787355892,1.5856571182850745,2.1184333064843295,0.05037363571696124,0.09619886823800926,,,,,,,,
bit50__knn,bit50,knn,15,683,367,383,0.06071111111111111,0.6038530948101439,0.705418786988582,0.1126258818561333,0.15152568555540016,1.855111523984626,2.4958476756929016,0.05527029155687514,0.09668439126509434,,,,,,,,
bit50__knn,bit50,knn,20,752,389,361,0.050133333333333335,0.5951894402829905,0.7090536969727741,0.09940995058385535,0.13955539998845629,1.9829112483481783,2.7836848401952716,0.05187740446082469,0.0941417040866679,,,,,,,,
bit50__knn,bit50,knn,25,803,398,352,0.042826666666666666,0.5889979064145314,0.7116241533376155,0.09110615997865935,0.13070770212550964,2.1273231626399287,3.0520167059194345,0.05043965563045985,0.09181308379413304,,,,,,,,
bit50__logistic,bit50,logistic,5,443,291,459,0.11813333333333334,0.6326484947162183,0.677693735362638,0.17552116883818508,0.19122926242846927,1.4857886752668037,1.618757864800812,0.06507541068738858,0.08288773332529777,,,,,,,,
bit50__logistic,bit50,logistic,10,594,341,409,0.0792,0.6599230743026457,0.710820679036723,0.144482491195273,0.161093887538904,1.8242738787281945,2.034013731551818,0.07089757949095679,0.088937757970139,,,,,,,,
bit50__logistic,bit50,logistic,15,683,367,383,0.06071111111111111,0.6770654675918499,0.7277790702040566,0.1408806434852524,0.14580550746224427,2.3205084029415657,2.401628051171666,0.08535130493130402,0.09059448840259754,,,,,,,,
bit50__logistic,bit50,logistic,20,752,389,361,0.050133333333333335,0.6890560425616995,0.7376926082197426,0.12251270665052146,0.134929535586312,2.4437374996779546,2.691413608769521,0.07619950868597851,0.08927168962624087,,,,,,,,
bit50__logistic,bit50,logistic,25,803,398,352,0.042826666666666666,0.6905739298573387,0.7413295103522263,0.11015903738395699,0.12598333481892804,2.572206663697626,2.941703023480574,0.07034501314699915,0.08687733481110496,,,,,,,,
bit50__mil,bit50,mil,5,443,291,459,0.11813333333333334,0.6300732823895145,0.6143531642640517,0.17139252214415152,0.1492805065711877,1.4508396344030883,1.2636611730066678,0.06039369762339527,0.03531959469064221,,,,,,,,
bit50__mil,bit50,mil,10,594,341,409,0.0792,0.6665689724599821,0.6488324211318708,0.14067967146800364,0.11438559738949211,1.776258478131359,1.444262593301668,0.06676767101216728,0.03821198673923991,,,,,,,,
bit50__mil,bit50,mil,15,683,367,383,0.06071111111111111,0.6961949507955115,0.6744695113561778,0.13307920664828268,0.10105037829450557,2.1920074301510692,1.6644462017762631,0.07704562078103343,0.04294660318095842,,,,,,,,
bit50__mil,bit50,mil,20,752,389,361,0.050133333333333335,0.7181031014439138,0.6854656999265294,0.1303563887325284,0.09034657548422453,2.6001939241860716,1.8021258407757552,0.08445717511144904,0.04233567042836665,,,,,,,,
bit50__mil,bit50,mil,25,803,398,352,0.042826666666666666,0.7218229786558734,0.6984782090840187,0.11911935532768111,0.08340767018852586,2.7814295297559415,1.9475639053983314,0.07970624128790443,0.0423967134359425,,,,,,,,
bit50__random_forest,bit50,random_forest,5,443,291,459,0.11813333333333334,0.6954383196457489,0.7427820868381659,0.24059236307258586,0.2724045550315829,2.0366170688988645,2.3059076328858596,0.13886342955010492,0.17493712771951492,,,,,,,,
bit50__random_forest,bit50,random_forest,10,594,341,409,0.0792,0.7099622924142143,0.7759731205285796,0.18778803397264016,0.24000781943833374,2.3710610350080827,3.0304017605850215,0.1179279256870549,0.17463924786960658,,,,,,,,
bit50__random_forest,bit50,random_forest,15,683,367,383,0.06071111111111111,0.7288981634545345,0.7994471171265665,0.1760929124135176,0.22962557407628614,2.9005055119356853,3.782266044448344,0.12283952537636729,0.17983228052978323,,,,,,,,
bit50__random_forest,bit50,random_forest,20,752,389,361,0.050133333333333335,0.7394240613729062,0.8130401560652035,0.16345545075430842,0.21836235055972686,3.260414576216258,4.355631992547743,0.11930318369698388,0.17710803329561361,,,,,,,,
bit50__random_forest,bit50,random_forest,25,803,398,352,0.042826666666666666,0.7322529701410825,0.8189298696778483,0.1429849875668884,0.2086518328817896,3.338690556512027,4.872007305770305,0.10463969002502689,0.173244657409793,,,,,,,,
bit50__svm_linear,bit50,svm_linear,5,443,291,459,0.11813333333333334,0.6362110298255453,0.6980827999434813,0.1779905896184097,0.21099249862611175,1.5066923500429714,1.7860538822752121,0.06787563080406299,0.10529841846021137,,,,,,,,
bit50__svm_linear,bit50,svm_linear,10,594,341,409,0.0792,0.662957005214836,0.7386464802479862,0.149262275503629,0.1875046597080659,1.8846246907023863,2.367483077122044,0.07608848338795504,0.1176201777889508,,,,,,,,
bit50__svm_linear,bit50,svm_linear,15,683,367,383,0.06071111111111111,0.6672075945463288,0.7634125328154268,0.13818081022500495,0.17471294374302557,2.2760382357705793,2.8777754276852674,0.0824769674487845,0.12137036217555008,,,,,,,,
bit50__svm_linear,bit50,svm_linear,20,752,389,361,0.050133333333333335,0.681391129813455,0.7761038410019472,0.11897104053494792,0.1649552625813528,2.373092563861993,3.290331035532303,0.0724709157793528,0.12088215459856064,,,,,,,,
bit50__svm_linear,bit50,svm_linear,25,803,398,352,0.042826666666666666,0.6833515873554541,0.7870691418019893,0.11149767320497633,0.158453747885841,2.6034637267662593,3.6998851467739957,0.07174354335506247,0.12080056682785527,,,,,,,,
clip_vitb32__gradient_boosting,clip_vitb32,gradient_boosting,5,443,291,459,0.11813333333333334,0.733151665365825,0.7693298502867916,0.2564435520339202,0.2939008146657572,2.170797562363884,2.4878737133105853,0.1568380163674632,0.19931298911296927,,,,,,,,
clip_vitb32__gradient_boosting,clip_vitb32,gradient_boosting,10,594,341,409,0.0792,0.7580681442544441,0.8042077303589031,0.20166476911470096,0.24897765556633084,2.54627233730683,3.1436572672516516,0.13299822883872825,0.1843805990077442,,,,,,,,
clip_vitb32__gradient_boosting,clip_vitb32,gradient_boosting,15,683,367,383,0.06071111111111111,0.7848120183956302,0.8229574211047653,0.17308839416470853,0.22102882306676438,2.8510167413659895,3.64066509443792,0.11964080953468072,0.17067987692827666,,,,,,,,
clip_vitb32__gradient_boosting,clip_vitb32,gradient_boosting,20,752,389,361,0.050133333333333335,0.7885007472485797,0.827727921126668,0.15000597870749338,0.1970977438646826,2.9921405327292563,3.931470954747658,0.10514385742647395,0.1547210947480516,,,,,,,,
clip_vitb32__gradient_boosting,clip_vitb32,gradient_boosting,25,803,398,352,0.042826666666666666,0.7664927485526198,0.8249765238604523,0.13287963292193583,0.17465537775903814,3.1027311547774556,4.078192195494353,0.09408219297299253,0.1377271038603647,,,,,,,,
clip_vitb32__knn,clip_vitb32,knn,5,443,291,459,0.11813333333333334,0.632028077154779,0.6927909946819149,0.18699254229340043,0.22379225964658025,1.5828939810389426,1.8944040037803067,0.07808346948903888,0.11981281332769154,,,,,,,,
clip_vitb32__knn,clip_vitb32,knn,10,594,341,409,0.0792,0.6457256903224339,0.7171019978723425,0.1577147862878469,0.18978735634785768,1.9913483117152386,2.396305004392142,0.08526801291034633,0.12009921410497142,,,,,,,,
clip_vitb32__knn,clip_vitb32,knn,15,683,367,383,0.06071111111111111,0.6405736367285075,0.7261873306230715,0.13524143882794895,0.1702846659132609,2.2276225282788076,2.80483527309544,0.07934760923766687,0.1166558617889832,,,,,,,,
clip_vitb32__knn,clip_vitb32,knn,20,752,389,361,0.050133333333333335,0.6308352041512049,0.7275902198292855,0.11677280190859163,0.15649364880842664,2.3292447189213754,3.1215488459127654,0.07015665557473852,0.11197394245693429,,,,,,,,
clip_vitb32__knn,clip_vitb32,knn,25,803,398,352,0.042826666666666666,0.6198896315999067,0.7279059741492887,0.10429554807133087,0.14684841457509146,2.435294553346767,3.428901336591488,0.06421917458836875,0.10867597778363876,,,,,,,,
clip_vitb32__logistic,clip_vitb32,logistic,5,443,291,459,0.11813333333333334,0.7054198479118937,0.7333032537179156,0.2202827752222934,0.22635724731178775,1.8646961785182847,1.9161166533164875,0.1158332044401573,0.1227214023039625,,,,,,,,
clip_vitb32__logistic,clip_vitb32,logistic,10,594,341,409,0.0792,0.7205496909064737,0.7632893272916441,0.17340410073399393,0.18118335453199375,2.189445716338307,2.2876686178282037,0.10230679923326881,0.11075516347957617,,,,,,,,
clip_vitb32__logistic,clip_vitb32,logistic,15,683,367,383,0.06071111111111111,0.7384783451829973,0.7890409533478143,0.16060216500866897,0.16304296236303473,2.6453504485322488,2.685553918864042,0.10634753064706408,0.10894608939000103,,,,,,,,
clip_vitb32__logistic,clip_vitb32,logistic,20,752,389,361,0.050133333333333335,0.7369551629028507,0.8033461863255165,0.15184364478906442,0.15556072823419936,3.0287961061648487,3.102940057863019,0.10707851430628625,0.110991782952905,,,,,,,,
clip_vitb32__logistic,clip_vitb32,logistic,25,803,398,352,0.042826666666666666,0.7284337186100015,0.8082888102584606,0.13353840734479522,0.1440873072698667,3.1181134965316444,3.36442965293898,0.09477044284364576,0.10579133065749155,,,,,,,,
clip_vitb32__mil,clip_vitb32,mil,5,443,291,459,0.11813333333333334,0.7155666023462024,0.7145974644385907,0.2398606839256142,0.2149434164652095,2.0304233966615195,1.819498446375927,0.13803373593016424,0.10977859441927294,,,,,,,,
clip_vitb32__mil,clip_vitb32,mil,10,594,341,409,0.0792,0.7513415586510247,0.738383692119574,0.20658177240309733,0.1638193354377438,2.6083557121603196,2.068425952496765,0.13833815421709095,0.0918976275388182,,,,,,,,
clip_vitb32__mil,clip_vitb32,mil,15,683,367,383,0.06071111111111111,0.7842724107222458,0.7617759008576799,0.1880615314724216,0.14055448833946746,3.0976460162002093,2.315136154932663,0.13558173834245701,0.08500406868732933,,,,,,,,
clip_vitb32__mil,clip_vitb32,mil,20,752,389,361,0.050133333333333335,0.7912432775894251,0.776180746159222,0.17796113780737363,0.12562386509325532,3.549756738178995,2.5057951813814223,0.13457447130197955,0.07947487201002455,,,,,,,,
clip_vitb32__mil,clip_vitb32,mil,25,803,398,352,0.042826666666666666,0.7863590763860693,0.7798535552412836,0.16085003079222132,0.11179214530233794,3.7558382034298257,2.610339631903906,0.12330406627035993,0.0720511909744713,,,,,,,,
clip_vitb32__random_forest,clip_vitb32,random_forest,5,443,291,459,0.11813333333333334,0.7552207460696997,0.7776376944452598,0.26412435850077864,0.30262560325807414,2.2358156757966587,2.5617291472184602,0.16554773038340487,0.20920653529415723,,,,,,,,
clip_vitb32__random_forest,clip_vitb32,random_forest,10,594,341,409,0.0792,0.770340756278918,0.8111653995305892,0.2196879711596252,0.2694017399001408,2.773838019692237,3.4015371199512727,0.15257164548178237,0.20656140301926676,,,,,,,,
clip_vitb32__random_forest,clip_vitb32,random_forest,15,683,367,383,0.06071111111111111,0.7979029306032216,0.8359213419051909,0.20190916629467026,0.2529163782284344,3.3257366336969847,4.165899348564988,0.15032441760339174,0.20462849011733575,,,,,,,,
clip_vitb32__random_forest,clip_vitb32,random_forest,20,752,389,361,0.050133333333333335,0.805632785110493,0.8466984354653733,0.18633209089683606,0.2399946920128746,3.7167305365060384,4.787128165150424,0.14338723774933612,0.1998821153981695,,,,,,,,
clip_vitb32__random_forest,clip_vitb32,random_forest,25,803,398,352,0.042826666666666666,0.7882244521128645,0.8502854086555258,0.17201677660321185,0.23065145562055034,4.016581022802269,5.385697126880846,0.13497044415836754,0.19622860605590453,,,,,,,,
clip_vitb32__svm_linear,clip_vitb32,svm_linear,5,443,291,459,0.11813333333333334,0.704730232801916,0.7399605870576197,0.22138136156752317,0.27216228025695277,1.8739957243300494,2.3038567741841374,0.11707895551200842,0.17466239823512938,,,,,,,,
clip_vitb32__svm_linear,clip_vitb32,svm_linear,10,594,341,409,0.0792,0.7164925468042636,0.7704852853274515,0.17240850162899654,0.2368419979000637,2.1768750205681378,2.9904292664149454,0.10122556649543499,0.1712011271720935,,,,,,,,
clip_vitb32__svm_linear,clip_vitb32,svm_linear,15,683,367,383,0.06071111111111111,0.7303835374171902,0.7923419286069882,0.15520124333270513,0.21979195477206254,2.55638943996037,3.6202920807989805,0.10059751939935013,0.16936306342251384,,,,,,,,
clip_vitb32__svm_linear,clip_vitb32,svm_linear,20,752,389,361,0.050133333333333335,0.737869535517184,0.8060676395791272,0.1444254612447207,0.20863594238481806,2.880827019509056,4.16162119118653,0.0992688039493831,0.1668682717414564,,,,,,,,
clip_vitb32__svm_linear,clip_vitb32,svm_linear,25,803,398,352,0.042826666666666666,0.7246747863838173,0.8129786951908555,0.12792974487530784,0.19988074060653602,2.987151577100899,4.667202847288356,0.08891083280838145,0.1640811214338079,,,,,,,,
derm_foundation__gradient_boosting,derm_foundation,gradient_boosting,5,443,291,459,0.11813333333333334,0.803824903508821,0.8259601870578929,0.4030052690879393,0.4106944334673531,3.411444151421608,3.476533014678497,0.3230328875354619,0.3317520790754685,,,,,,,,
derm_foundation__gradient_boosting,derm_foundation,gradient_boosting,10,594,341,409,0.0792,0.8112262913406877,0.8414421022660236,0.29942734312650765,0.34084991349734334,3.780648271799339,4.303660523956355,0.23916957333460867,0.28415498859398713,,,,,,,,
derm_foundation__gradient_boosting,derm_foundation,gradient_boosting,15,683,367,383,0.06071111111111111,0.8216496758269699,0.8549775323353277,0.26357692250115755,0.3120826102627883,4.34149396506299,5.140452950887801,0.215978080641433,0.26761894250557094,,,,,,,,
derm_foundation__gradient_boosting,derm_foundation,gradient_boosting,20,752,389,361,0.050133333333333335,0.8251482164439393,0.854756210651439,0.23697115288714113,0.2733991104896679,4.726818209184996,5.453439703916248,0.19669899588062303,0.23504959695009958,,,,,,,,
derm_foundation__gradient_boosting,derm_foundation,gradient_boosting,25,803,398,352,0.042826666666666666,0.8158759161242315,0.8476269652701627,0.20101716710456874,0.2351287055998986,4.6937383352561195,5.4902406351159385,0.16526839489667708,0.2009061809772162,,,,,,,,
derm_foundation__knn,derm_foundation,knn,5,443,291,459,0.11813333333333334,0.7136893961536428,0.7479226976636876,0.263452486633819,0.28014244105018726,2.230128272859641,2.371408925368402,0.1647858557232601,0.18371156756522594,,,,,,,,
derm_foundation__knn,derm_foundation,knn,10,594,341,409,0.0792,0.7104928920236114,0.7694141433643316,0.20967337752309997,0.24504740534498537,2.647391130342171,3.094032895770017,0.14169567498164634,0.18011229946240812,,,,,,,,
derm_foundation__knn,derm_foundation,knn,15,683,367,383,0.06071111111111111,0.7115850646081062,0.7799353522063287,0.20015229783746974,0.22753824999229388,3.2967984636479275,3.747884791234709,0.14845399362842196,0.17761004186744642,,,,,,,,
derm_foundation__knn,derm_foundation,knn,20,752,389,361,0.050133333333333335,0.7082761585552788,0.7839671600045397,0.1887333299969715,0.21577319891253172,3.7646275930246977,4.303986680436138,0.14591521265823784,0.1743822279399197,,,,,,,,
derm_foundation__knn,derm_foundation,knn,25,803,398,352,0.042826666666666666,0.6932363900026676,0.7814562055244858,0.16374553440202394,0.20265250960894327,3.8234480324258393,4.731923480906209,0.12632912297531337,0.1669769072918976,,,,,,,,
derm_foundation__logistic,derm_foundation,logistic,5,443,291,459,0.11813333333333334,0.7159651698480072,0.7226281756804261,0.2594561744631379,0.2486300110204376,2.1962994452297226,2.1046558494958036,0.16025420448647326,0.14797778691461777,,,,,,,,
derm_foundation__logistic,derm_foundation,logistic,10,594,341,409,0.0792,0.7259826925354758,0.7448088374818754,0.20970282004387647,0.21476842943870328,2.6477628793418746,2.711722593923021,0.14172764991732895,0.14722896333482113,,,,,,,,
derm_foundation__logistic,derm_foundation,logistic,15,683,367,383,0.06071111111111111,0.7418982445846144,0.7578429684058813,0.17896127470365267,0.1943372479518317,2.947751596509652,3.2010161631890286,0.12589328479380077,0.14226308691758366,,,,,,,,
derm_foundation__logistic,derm_foundation,logistic,20,752,389,361,0.050133333333333335,0.7445160321537637,0.7663328727734837,0.17998464052355406,0.18714079017236346,3.5901191593794026,3.732861506097675,0.13670477315085,0.14423861963682286,,,,,,,,
derm_foundation__logistic,derm_foundation,logistic,25,803,398,352,0.042826666666666666,0.7348754178052029,0.7668348015996457,0.15926522058623452,0.1754401239110135,3.718832983800619,4.09651596927958,0.12164834713277413,0.13854696179481266,,,,,,,,
derm_foundation__mil,derm_foundation,mil,5,443,291,459,0.11813333333333334,0.7854158361003852,0.7836779633597518,0.3502775051064786,0.3070004557565313,2.9651030341970532,2.598762322995468,0.2632418034923782,0.2141674354662813,0.31506912230239836,0.27105530319018845,0.759810102422769,0.7620173609314518,0.40953455392188187,0.35321186201058286,0.80947069139357,0.8042190042807483
derm_foundation__mil,derm_foundation,mil,10,594,341,409,0.0792,0.8064529894081052,0.8089657068805636,0.31461967687668924,0.25980968958408474,3.9724706676349646,3.2804253735364233,0.2556686325767694,0.19614431970469673,0.2850972250023526,0.22966700828483358,0.7843105344912155,0.7928525639478414,0.3710275726482166,0.2968021693824649,0.829413984992295,0.8268797641729306
derm_foundation__mil,derm_foundation,mil,15,683,367,383,0.06071111111111111,0.828231369889655,0.8192132029034285,0.2915903416537416,0.22694331771944187,4.802915583608481,3.7380853943539107,0.24580215232370523,0.17697665603707025,0.26947071093328107,0.20207952753025119,0.8064859521102825,0.8035470181777435,0.3478899192633294,0.2580240099331449,0.846967632648653,0.8328762764656362
derm_foundation__mil,derm_foundation,mil,20,752,389,361,0.050133333333333335,0.8361792837540631,0.8321991533712833,0.28008199552881374,0.2049456679419647,5.5867419320907,4.0880119935232315,0.24208520023387187,0.16298322705849738,0.26091939638664086,0.18304743012686722,0.8142176909398707,0.8182614613935928,0.3391698556864974,0.2328296092721881,0.8562773374186843,0.8459103589927737
derm_foundation__mil,derm_foundation,mil,25,803,398,352,0.042826666666666666,0.8355455979754807,0.8334629063117283,0.25595771562253583,0.17811710175198742,5.9765967221949525,4.159023235180279,0.2226671403534043,0.14134371526437645,0.23932399070934704,0.15718412479247953,0.8166650334110128,0.819724283088929,0.3119163052768909,0.20512238401072305,0.855107926139025,0.8469985309283168
derm_foundation__random_forest,derm_foundation,random_forest,5,443,291,459,0.11813333333333334,0.8028386775566018,0.8263635997518091,0.38661404258388304,0.39372863691928517,3.272692234062215,3.332917355411556,0.3044459206802423,0.31251357376695477,0.3470388424369979,0.35055811937920295,0.7771358933519256,0.8065989441485238,0.4458689104008285,0.4443010108642753,0.8266595578757281,0.8444312342957275
derm_foundation__random_forest,derm_foundation,random_forest,10,594,341,409,0.0792,0.8257756369032394,0.8542581427753743,0.3196304184946649,0.35676988145806865,4.03573760725587,4.504670220430159,0.261110358921226,0.3014442674392579,0.2938010071005842,0.3165854304385482,0.802606582050568,0.8391931140277572,0.37432595114871264,0.4007626230689808,0.845879495523291,0.8691156898703503
derm_foundation__random_forest,derm_foundation,random_forest,15,683,367,383,0.06071111111111111,0.8450612996063768,0.8752731126115573,0.2936019065951824,0.3384815224219222,4.83604897393236,5.575281299043374,0.2479437351372956,0.29572415323617157,0.273088592276471,0.3008695813395935,0.825072248189702,0.8613362522351831,0.35006913509265575,0.3782702367403871,0.8644626352719812,0.8885369978058832
derm_foundation__random_forest,derm_foundation,random_forest,20,752,389,361,0.050133333333333335,0.8510505174143447,0.8832408915921011,0.2826740494037875,0.3274794974117632,5.6384451343840585,6.53217082603251,0.24481406099500366,0.29198431086302973,0.2657758684561254,0.29407079179319173,0.8309126138366548,0.8719020748465431,0.34106066962694676,0.3650188149813425,0.8683266359153983,0.8948567317649098
derm_foundation__random_forest,derm_foundation,random_forest,25,803,398,352,0.042826666666666666,0.8465486383434961,0.8863228180998695,0.25105525143215,0.3148005695023327,5.862124488608734,7.3505736963496116,0.2175453259237094,0.28414279145086857,0.23704714668798416,0.28318480673473917,0.8272247315914819,0.8738463942624908,0.31081822370201456,0.3532456443237301,0.8656615128601013,0.8971570627872186
derm_foundation__svm_linear,derm_foundation,svm_linear,5,443,291,459,0.11813333333333334,0.7091815968817592,0.7344704884160489,0.24437398900111856,0.24930633402835092,2.068628575065902,2.1103809313912323,0.1431516355470803,0.14874470898285935,,,,,,,,
derm_foundation__svm_linear,derm_foundation,svm_linear,10,594,341,409,0.0792,0.7173404547153678,0.7646842008266856,0.18733568999735076,0.2169219222219152,2.365349621178671,2.7389131593676157,0.11743667462787875,0.14956768269104606,,,,,,,,
derm_foundation__svm_linear,derm_foundation,svm_linear,15,683,367,383,0.06071111111111111,0.7228715748676752,0.7821843355810467,0.1535958070655598,0.19996527291304622,2.5299455775805972,3.293717892052372,0.0988883154620562,0.14825488031340683,,,,,,,,
derm_foundation__svm_linear,derm_foundation,svm_linear,20,752,389,361,0.050133333333333335,0.7275817288760271,0.7925271986661809,0.13988462705204655,0.18808428042302947,2.790251869389226,3.7516811254593643,0.09448830753654536,0.14523190667781036,,,,,,,,
derm_foundation__svm_linear,derm_foundation,svm_linear,25,803,398,352,0.042826666666666666,0.699360105566116,0.7969867482370431,0.12401463569630503,0.17941276308111115,2.8957340215513314,4.1892768465390215,0.08482055047114946,0.14269734817912932,,,,,,,,
inception_v3__gradient_boosting,inception_v3,gradient_boosting,5,443,291,459,0.11813333333333334,0.6361856848745987,0.7044800652013207,0.17518945125873409,0.22822010344337265,1.4829806822127602,1.931885751495818,0.0646992567947544,0.12483380342081869,,,,,,,,
inception_v3__gradient_boosting,inception_v3,gradient_boosting,10,594,341,409,0.0792,0.6491297247280661,0.7303189243530975,0.12020626264798465,0.1788721379489244,1.5177558415149575,2.2584865902641966,0.044533300008671416,0.10824515415825847,,,,,,,,
inception_v3__gradient_boosting,inception_v3,gradient_boosting,15,683,367,383,0.06071111111111111,0.6594215128469849,0.7499241748358553,0.0966518030142823,0.1546044751259898,1.591995291230858,2.5465598025876797,0.038263725173717796,0.0999621789691857,,,,,,,,
inception_v3__gradient_boosting,inception_v3,gradient_boosting,20,752,389,361,0.050133333333333335,0.6682274236874821,0.7607501090111939,0.08506160716036719,0.13601718706287602,1.6967075896349837,2.7131087844988566,0.03677176497792727,0.09041674662711541,,,,,,,,
inception_v3__gradient_boosting,inception_v3,gradient_boosting,25,803,398,352,0.042826666666666666,0.6564655177340701,0.7657566304438258,0.0729683615618992,0.12025361870757606,1.7038066989858158,2.8079145090498767,0.03149032034800301,0.08089125484855693,,,,,,,,
inception_v3__knn,inception_v3,knn,5,443,291,459,0.11813333333333334,0.5633267830991662,0.6519036505777129,0.14954959198483744,0.18765991609484517,1.2659389840702944,1.588543307800608,0.03562472632087704,0.07884024353059249,,,,,,,,
inception_v3__knn,inception_v3,knn,10,594,341,409,0.0792,0.579082678279857,0.6826824817340312,0.11257014533641294,0.1552377276083805,1.4213402188941027,1.9600723182876325,0.03624038372764219,0.08257789705514824,,,,,,,,
inception_v3__knn,inception_v3,knn,15,683,367,383,0.06071111111111111,0.5916139984504339,0.6985283613825245,0.0969113905202395,0.13894950721547816,1.5962710737228323,2.288699789420394,0.03854009116614881,0.08329534931145353,,,,,,,,
inception_v3__knn,inception_v3,knn,20,752,389,361,0.050133333333333335,0.5832552722329674,0.7018864443087196,0.08272322091723261,0.12717250625213533,1.6500642470192675,2.5366856300292953,0.03430996025817582,0.0811052494232194,,,,,,,,
inception_v3__knn,inception_v3,knn,25,803,398,352,0.042826666666666666,0.5793556204615712,0.7048813855602643,0.08069504833946448,0.11962436600795218,1.884224354128218,2.793221497695023,0.03956272114364289,0.08023384758729055,,,,,,,,
inception_v3__logistic,inception_v3,logistic,5,443,291,459,0.11813333333333334,0.5846389977751557,0.6442555329313768,0.15529491912901863,0.17200940569763634,1.314573243191467,1.4560615606459058,0.042139687551805215,0.061093217830703435,,,,,,,,
inception_v3__logistic,inception_v3,logistic,10,594,341,409,0.0792,0.6019671466343626,0.6702360022661211,0.10868813234346353,0.13298417817105235,1.3723249033265597,1.6790931587254083,0.03202447039906985,0.05841027168880576,,,,,,,,
inception_v3__logistic,inception_v3,logistic,15,683,367,383,0.06071111111111111,0.6252936093898372,0.6887710587160419,0.09592355364234745,0.11595499404023077,1.5799999684866892,1.909946827163391,0.03748840526889456,0.05881458152291059,,,,,,,,
inception_v3__logistic,inception_v3,logistic,20,752,389,361,0.050133333333333335,0.6246745681901251,0.696360099439115,0.0875649081780335,0.10645155794904929,1.7466404556788597,2.123368842068802,0.03940718856474611,0.05929066319734273,,,,,,,,
inception_v3__logistic,inception_v3,logistic,25,803,398,352,0.042826666666666666,0.6355753306655343,0.7037401395183174,0.08019300706335879,0.0991461148787115,1.8725017215915034,2.31505560893629,0.03903821710803908,0.058839341058441,,,,,,,,
inception_v3__mil,inception_v3,mil,5,443,291,459,0.11813333333333334,0.6192807151136803,0.6452295936999362,0.17150590377382882,0.19945591273956398,1.451799411178009,1.6883965525358124,0.06052226766007198,0.09221641148272297,,,,,,,,
inception_v3__mil,inception_v3,mil,10,594,341,409,0.0792,0.6586676571415794,0.6593098179399947,0.1289164639535194,0.1327330609609332,1.627733130726255,1.6759224868804696,0.053992684571589275,0.05813755534419331,,,,,,,,
inception_v3__mil,inception_v3,mil,15,683,367,383,0.06071111111111111,0.6784323643624492,0.670227874535783,0.11514754088888912,0.10093316647907231,1.8966469033675002,1.6625155532790095,0.05795493848774512,0.042821815358149294,,,,,,,,
inception_v3__mil,inception_v3,mil,20,752,389,361,0.050133333333333335,0.6900833316469396,0.6797826514658272,0.10811228391842671,0.08658057306470264,2.156495024968618,1.7270061116629516,0.06103904118307136,0.03837090089630402,,,,,,,,
inception_v3__mil,inception_v3,mil,25,803,398,352,0.042826666666666666,0.6924009293068261,0.6866826502637731,0.0994378637655967,0.07671956515689411,2.321867927278877,1.791397069354626,0.05914414362316477,0.0354093634976188,,,,,,,,
inception_v3__random_forest,inception_v3,random_forest,5,443,291,459,0.11813333333333334,0.6581601752672013,0.7189012157670882,0.19454862413734308,0.2438659787476059,1.646856299131008,2.064328262536167,0.08665175098731072,0.14257557311869432,,,,,,,,
inception_v3__random_forest,inception_v3,random_forest,10,594,341,409,0.0792,0.680314502650702,0.7582290712901776,0.15213000794332443,0.21398233529778904,1.9208334336278337,2.7017971628508715,0.07920287569865815,0.1463752555362609,,,,,,,,
inception_v3__random_forest,inception_v3,random_forest,15,683,367,383,0.06071111111111111,0.6915621302982685,0.7812612014447031,0.14775723625253342,0.201336762563392,2.433775853354321,3.3163083145507466,0.09267236754433625,0.14971501645104193,,,,,,,,
inception_v3__random_forest,inception_v3,random_forest,20,752,389,361,0.050133333333333335,0.6950521069579556,0.791205484607022,0.12767956069548198,0.1896177456041316,2.5467997479151987,3.78226886178454,0.0816390658641374,0.14684630713517505,,,,,,,,
inception_v3__random_forest,inception_v3,random_forest,25,803,398,352,0.042826666666666666,0.685189331227079,0.7982138635546577,0.11260984399126266,0.1814663955535492,2.629432845375062,4.237229036897943,0.07290547583641695,0.14484286602936688,,,,,,,,
inception_v3__svm_linear,inception_v3,svm_linear,5,443,291,459,0.11813333333333334,0.5924583608183381,0.6816452685015232,0.16173421729697712,0.20237742225034946,1.3690819748615444,1.7131271635187595,0.049441582964518956,0.09552928135434244,,,,,,,,
inception_v3__svm_linear,inception_v3,svm_linear,10,594,341,409,0.0792,0.6108231694761928,0.7200492228004536,0.11380799211312738,0.17814399479125156,1.436969597387972,2.2492928635259033,0.037584700383500626,0.10745438183237573,,,,,,,,
inception_v3__svm_linear,inception_v3,svm_linear,15,683,367,383,0.06071111111111111,0.6206052151331655,0.7441286244185986,0.09774543351507853,0.16527881792555052,1.6100089707827723,2.7223817008234894,0.039428042684265495,0.11132645989045552,,,,,,,,
inception_v3__svm_linear,inception_v3,svm_linear,20,752,389,361,0.050133333333333335,0.6283795842216094,0.7568886581319364,0.09045437820520157,0.15611282442140845,1.8042761610080098,3.113952614788732,0.04244916290553225,0.11157301841108413,,,,,,,,
inception_v3__svm_linear,inception_v3,svm_linear,25,803,398,352,0.042826666666666666,0.6348320645836707,0.7687829759702725,0.08037042473939433,0.14958147977096106,1.8766444132797557,3.4927182387366376,0.039223572957243207,0.11153132811642726,,,,,,,,
resnet50__gradient_boosting,resnet50,gradient_boosting,5,443,291,459,0.11813333333333334,0.6720469453103828,0.7246554780508682,0.20512003761651246,0.24463491495791506,1.7363434335483559,2.0708373162351723,0.09863929273115261,0.14344751469373493,,,,,,,,
resnet50__gradient_boosting,resnet50,gradient_boosting,10,594,341,409,0.0792,0.6790343317366299,0.7505765249755983,0.14702352659224166,0.19917460115011526,1.85635765899295,2.514830822602465,0.07365717483953264,0.13029387614043794,,,,,,,,
resnet50__gradient_boosting,resnet50,gradient_boosting,15,683,367,383,0.06071111111111111,0.6722146786142328,0.7621071206930163,0.11999522042609358,0.16828852917157378,1.976495211996417,2.7719560075844876,0.06311594868870567,0.11453070437969197,,,,,,,,
resnet50__gradient_boosting,resnet50,gradient_boosting,20,752,389,361,0.050133333333333335,0.6862555837637715,0.7703226544673684,0.10199616218507512,0.14821402668497322,2.0344979159257006,2.9563968088757955,0.054600114596864605,0.10325732736346141,,,,,,,,
resnet50__gradient_boosting,resnet50,gradient_boosting,25,803,398,352,0.042826666666666666,0.6784431510469523,0.7744620749583611,0.08753580297096274,0.1314978940275248,2.04395554882385,3.0704676376290037,0.0467095506605868,0.09263863113701955,,,,,,,,
resnet50__knn,resnet50,knn,5,443,291,459,0.11813333333333334,0.5611612285306059,0.628227216227156,0.15671341023833346,0.1931538112282149,1.3265807864418746,1.6350491921124286,0.043748197276610355,0.08507009135343388,,,,,,,,
resnet50__knn,resnet50,knn,10,594,341,409,0.0792,0.5642056123794447,0.6567343480172905,0.10701781121893539,0.1545017581796593,1.351234990138073,1.950779774995698,0.030210481341154848,0.08177862530371341,,,,,,,,
resnet50__knn,resnet50,knn,15,683,367,383,0.06071111111111111,0.5758475731781056,0.6761346167195561,0.09028747438226532,0.13702826935498472,1.4871655736463907,2.2570542170476986,0.03148803698310636,0.081249931886399,,,,,,,,
resnet50__knn,resnet50,knn,20,752,389,361,0.050133333333333335,0.5753217236734608,0.6843184224437622,0.07715803749331503,0.1256069626431132,1.539056598935805,2.5054580314450767,0.028451050140351306,0.07945707745976262,,,,,,,,
resnet50__knn,resnet50,knn,25,803,398,352,0.042826666666666666,0.5679141718131386,0.6873231136289563,0.06674150256889219,0.11634485582297996,1.5584099292238214,2.7166451390795445,0.024984853912449357,0.07680760275705546,,,,,,,,
resnet50__logistic,resnet50,logistic,5,443,291,459,0.11813333333333334,0.5735955321129647,0.6288145878398719,0.14080140193786925,0.16014757883471928,1.191885456584672,1.3556510623706484,0.025704643866649425,0.04764240115820903,,,,,,,,
resnet50__logistic,resnet50,logistic,10,594,341,409,0.0792,0.6064977060244965,0.6599823897825635,0.10899986246140195,0.12775334677775457,1.376260889664166,1.6130473077999314,0.03236301309882922,0.05272952517132338,,,,,,,,
resnet50__logistic,resnet50,logistic,15,683,367,383,0.06071111111111111,0.6216069458746387,0.6743283220601278,0.09020985936528739,0.1102745018669696,1.485887141814763,1.8163808872670688,0.0314054053051465,0.05276692968708319,,,,,,,,
resnet50__logistic,resnet50,logistic,20,752,389,361,0.050133333333333335,0.6225362268958958,0.6792863145406,0.08482538550490648,0.09928025688526418,1.691995721507443,1.9803242729773438,0.0365230756999998,0.05174086561475033,,,,,,,,
resnet50__logistic,resnet50,logistic,25,803,398,352,0.042826666666666666,0.6237083257673877,0.6836089118360891,0.08048030182047156,0.09210213651328047,1.8792100362812474,2.1505791527073588,0.03933836625251249,0.05148019499771599,,,,,,,,
resnet50__mil,resnet50,mil,5,443,291,459,0.11813333333333334,0.632280492364139,0.627254179348683,0.1675035034719424,0.17142719191242484,1.4179190474487222,1.4511331143828288,0.05598371273655397,0.06043301169385942,,,,,,,,
resnet50__mil,resnet50,mil,10,594,341,409,0.0792,0.667892782912685,0.6651501500183805,0.12704719976277296,0.12463065984710595,1.604131310136022,1.5736194425139638,0.051962640923949775,0.049338249182347894,,,,,,,,
resnet50__mil,resnet50,mil,15,683,367,383,0.06071111111111111,0.6893984260319465,0.6753393704342963,0.11971574238325298,0.10094468547505031,1.9718918035308874,1.6627052878394084,0.06281840653085986,0.04283407888656345,,,,,,,,
resnet50__mil,resnet50,mil,20,752,389,361,0.050133333333333335,0.7041009481053233,0.6897783619500162,0.11602650019582703,0.08842372005340102,2.3143583815656985,1.7637710117034777,0.06937096455203576,0.04031132796189046,,,,,,,,
resnet50__mil,resnet50,mil,25,803,398,352,0.042826666666666666,0.703823470368043,0.6933622043763701,0.10922338645101438,0.07854258756637231,2.5503592726731257,1.8339645291027158,0.06936749852100739,0.03731395313252804,,,,,,,,
resnet50__random_forest,resnet50,random_forest,5,443,291,459,0.11813333333333334,0.6674550202137665,0.7222285172501588,0.19028565517262844,0.24290308899828073,1.6107702187299247,2.0561773899402995,0.08181772207358833,0.1414836963240256,,,,,,,,
resnet50__random_forest,resnet50,random_forest,10,594,341,409,0.0792,0.6782869058109241,0.7560513182798153,0.13758773003313718,0.210750415166578,1.7372188135497117,2.6609900904870956,0.06340978500557903,0.1428653509628345,,,,,,,,
resnet50__random_forest,resnet50,random_forest,15,683,367,383,0.06071111111111111,0.697580981368888,0.7817091553152921,0.13062933891626,0.19758557510599928,2.1516545575518666,3.254520819827953,0.07443740539490158,0.14572137029833368,,,,,,,,
resnet50__random_forest,resnet50,random_forest,20,752,389,361,0.050133333333333335,0.7098327081924237,0.7968699134331657,0.1200427315357625,0.1866009374825785,2.3944693790378158,3.7220931678705815,0.07359916992114245,0.14367027387974995,,,,,,,,
resnet50__random_forest,resnet50,random_forest,25,803,398,352,0.042826666666666666,0.6985169950439527,0.803455636393335,0.10761977579351553,0.17861783311831358,2.5129150636717514,4.170715281405205,0.06769213774605318,0.14186685078109876,,,,,,,,
resnet50__svm_linear,resnet50,svm_linear,5,443,291,459,0.11813333333333334,0.5702642343413996,0.6733858884737963,0.14451568541804566,0.1924360569636661,1.2233269081663007,1.628973394161959,0.029916486337366554,0.0842561879690801,,,,,,,,
resnet50__svm_linear,resnet50,svm_linear,10,594,341,409,0.0792,0.5991342921051329,0.7145630940157439,0.11289752353376477,0.17038963582757458,1.4254737819919794,2.1513842907522043,0.036595920431977375,0.09903305367894719,,,,,,,,
resnet50__svm_linear,resnet50,svm_linear,15,683,367,383,0.06071111111111111,0.6166533405649425,0.7393381644366194,0.0941433414395916,0.15805759687310364,1.5506772931118675,2.603437723019643,0.03559312872105665,0.10363849387928609,,,,,,,,
resnet50__svm_linear,resnet50,svm_linear,20,752,389,361,0.050133333333333335,0.6136743234920803,0.7501956694929933,0.08430963431580864,0.14903377810117627,1.6817081312993742,2.972748233401122,0.035980103504851875,0.10412034471628608,,,,,,,,
resnet50__svm_linear,resnet50,svm_linear,25,803,398,352,0.042826666666666666,0.6022060615523259,0.7610316345187133,0.07775132827994455,0.142809468668907,1.8154886740335745,3.334592201173109,0.03648729064740404,0.1044563179106261,,,,,,,,
siglip2_so400m__gradient_boosting,siglip2_so400m,gradient_boosting,5,443,291,459,0.11813333333333334,0.7685634794783524,0.7969994559730676,0.33896537794979087,0.3471274690078213,2.869345750139313,2.9384379430684646,0.25041432334796365,0.2596697940064499,,,,,,,,
siglip2_so400m__gradient_boosting,siglip2_so400m,gradient_boosting,10,594,341,409,0.0792,0.7902438494672728,0.8242998085888327,0.2644045317614682,0.2991273308380514,3.3384410575942955,3.7768602378541836,0.20113437419794553,0.23884375634019483,,,,,,,,
siglip2_so400m__gradient_boosting,siglip2_so400m,gradient_boosting,15,683,367,383,0.06071111111111111,0.8017185917906458,0.8385292564589254,0.2325988515073613,0.26547497213616966,3.8312402334667857,4.372757593750964,0.18299773629770177,0.2179988110657622,,,,,,,,
siglip2_so400m__gradient_boosting,siglip2_so400m,gradient_boosting,20,752,389,361,0.050133333333333335,0.8050305711868695,0.8461163268902241,0.21715526891735853,0.24433752438016645,4.331554566170715,4.873753810774597,0.175837242683912,0.20445415958046723,,,,,,,,
siglip2_so400m__gradient_boosting,siglip2_so400m,gradient_boosting,25,803,398,352,0.042826666666666666,0.7924700645247948,0.844153128059852,0.19305264066915967,0.22085992404282484,4.507767138912508,5.157065474225362,0.1569475128181169,0.1859989734107631,,,,,,,,
siglip2_so400m__knn,siglip2_so400m,knn,5,443,291,459,0.11813333333333334,0.6915900508041131,0.7384302126756228,0.2780068248867061,0.2822308896033804,2.3533309104405142,2.389087665942836,0.18128986795438395,0.18607978107428982,,,,,,,,
siglip2_so400m__knn,siglip2_so400m,knn,10,594,341,409,0.0792,0.6962022757204264,0.757845980804278,0.2115291552239617,0.24223545630807666,2.6708226669692134,3.0585284887383413,0.14371107213723036,0.17705848860564363,,,,,,,,
siglip2_so400m__knn,siglip2_so400m,knn,15,683,367,383,0.06071111111111111,0.6967666360778482,0.7679404278160373,0.20485757561489595,0.22847313071755043,3.3743012088837183,3.763283631877661,0.15346339790551525,0.17860534878134215,,,,,,,,
siglip2_so400m__knn,siglip2_so400m,knn,20,752,389,361,0.050133333333333335,0.6791178130130352,0.7658885214946182,0.17010886399827352,0.2099641998501536,3.393128936135775,4.188115688500404,0.1263077596837523,0.16826663375577655,,,,,,,,
siglip2_so400m__knn,siglip2_so400m,knn,25,803,398,352,0.042826666666666666,0.6803323451409949,0.76935443166301,0.16122437264544878,0.20187752828578948,3.7645790623937296,4.713827715265944,0.12369515724645705,0.16616725109258107,,,,,,,,
siglip2_so400m__logistic,siglip2_so400m,logistic,5,443,291,459,0.11813333333333334,0.7462622628852336,0.771206982111275,0.2952916246387551,0.2935245445634258,2.499646935429642,2.4846885826475096,0.20089010958431555,0.19888631451855057,,,,,,,,
siglip2_so400m__logistic,siglip2_so400m,logistic,10,594,341,409,0.0792,0.7510106066608158,0.7968638016422551,0.24008900807933742,0.24404998973036066,3.0314268696886035,3.0814392642722304,0.17472741972126132,0.17902909397302416,,,,,,,,
siglip2_so400m__logistic,siglip2_so400m,logistic,15,683,367,383,0.06071111111111111,0.7693362396703591,0.8172746558562868,0.20579932546011495,0.2176144851598146,3.3898131938891556,3.5844260000701524,0.15446601792621306,0.16704485265902475,,,,,,,,
siglip2_so400m__logistic,siglip2_so400m,logistic,20,752,389,361,0.050133333333333335,0.7723728919692214,0.8272088113150633,0.18047216324011325,0.20174606864830108,3.599843681651195,4.02419019910175,0.13721802699338145,0.1596147550340059,,,,,,,,
siglip2_so400m__logistic,siglip2_so400m,logistic,25,803,398,352,0.042826666666666666,0.7761429879713228,0.8336729477642104,0.16382592358493944,0.18964549245760062,3.825325114841363,4.4282104403238005,0.12641310899969993,0.15338791907171181,,,,,,,,
siglip2_so400m__mil,siglip2_so400m,mil,5,443,291,459,0.11813333333333334,0.8007692235694162,0.8124308447571025,0.35747283289907883,0.33986834226560203,3.026011565172789,2.8769893532641255,0.2714010049505732,0.25143824720169566,0.3152235116372308,0.2968164238807127,0.7756035529715776,0.7920517531189831,0.410360426998116,0.3839682171443648,0.8241769357962371,0.8322254190469885
siglip2_so400m__mil,siglip2_so400m,mil,10,594,341,409,0.0792,0.8213756732624111,0.8425028838437469,0.32430196226806207,0.3090713700683305,4.094721745808864,3.902416288741547,0.266183712280693,0.24964310389697061,0.29193883505806206,0.27450895096323136,0.7984961150655624,0.8263941440543225,0.3788629090962004,0.3496413888841796,0.8434483083602298,0.8585784141416231
siglip2_so400m__mil,siglip2_so400m,mil,15,683,367,383,0.06071111111111111,0.838291282697822,0.8620464882730444,0.3184281234905685,0.29282452135616743,5.244972751491794,4.823244312235555,0.2743745991548117,0.24711610345953286,0.28651893338841666,0.2595133239569117,0.8152591177314695,0.8476117014549044,0.37645555733015895,0.33133132920063096,0.8580192875528515,0.875437725286443
siglip2_so400m__mil,siglip2_so400m,mil,20,752,389,361,0.050133333333333335,0.8417636987001643,0.8722114880625277,0.30203176705227996,0.28194466079153957,6.024569821521542,5.623896159405709,0.26519346615554457,0.2440461757350571,0.27297802314136427,0.2477528660932717,0.8201775666673646,0.8585865131934489,0.3638044604644417,0.3178029768296977,0.8610308462066916,0.8833604662113053
siglip2_so400m__mil,siglip2_so400m,mil,25,803,398,352,0.042826666666666666,0.842474179501167,0.8785133630981108,0.2791530548103276,0.2630899194843987,6.518206447937288,6.143133238272074,0.24690030521500209,0.23011845937106343,0.2569170783807274,0.23468929343929573,0.8220779189434715,0.8665568504850457,0.33331353866337193,0.2972578059743086,0.8628152171316079,0.8910232690063197
siglip2_so400m__random_forest,siglip2_so400m,random_forest,5,443,291,459,0.11813333333333334,0.7910556053125444,0.8127008104431328,0.3586927036409205,0.3661652940526364,3.0363377847707715,3.0995933469466963,0.27278428746702504,0.2812578931652212,0.32080272241808505,0.3237225535295521,0.766974440241628,0.794411383679947,0.41512891022840054,0.41691946668144025,0.8141837774196569,0.8320557307487583
siglip2_so400m__random_forest,siglip2_so400m,random_forest,10,594,341,409,0.0792,0.8154473276563406,0.8438422988451949,0.3068475973982955,0.33981295614968376,3.874338350988579,4.290567628152573,0.24722805972881787,0.283028840301568,0.2785344694823732,0.2998563814117029,0.7949923193897481,0.8296530816143013,0.36074473614135566,0.3805309675505477,0.8349339443906777,0.8560530350928216
siglip2_so400m__random_forest,siglip2_so400m,random_forest,15,683,367,383,0.06071111111111111,0.8292622815035645,0.8613985277794443,0.2916248222968516,0.3277872098424671,4.803483529779767,5.3991304695867575,0.24583886162956192,0.2843386117845893,0.26809296334705024,0.29605086304673517,0.8117261680754738,0.8473712788062407,0.3410758856547609,0.3655667488036467,0.8476122189008013,0.8753345701736949
siglip2_so400m__random_forest,siglip2_so400m,random_forest,20,752,389,361,0.050133333333333335,0.8390826423393856,0.8726037136977792,0.2814693532179257,0.315575480835828,5.614415290251178,6.294723686884867,0.24354578174262254,0.27945200817921245,0.260691525775529,0.28037742965507967,0.8206104018105166,0.8593452252429996,0.32997512022863823,0.3514699113861045,0.855094824174243,0.8854696515946132
siglip2_so400m__random_forest,siglip2_so400m,random_forest,25,803,398,352,0.042826666666666666,0.8333540289371316,0.8768746650664565,0.2606302538364824,0.30894691434537125,6.085700198548002,7.213891212921184,0.22754874126227476,0.27802722705609356,0.24053952137171156,0.27830864373664527,0.8157205828637082,0.865631356339569,0.3102786340698374,0.34387574973099716,0.8514876705093152,0.8882195042166839
siglip2_so400m__svm_linear,siglip2_so400m,svm_linear,5,443,291,459,0.11813333333333334,0.7421557878239279,0.7607837810349618,0.299170443201674,0.27711040538077647,2.5324811783437418,2.345742709205218,0.20528852797286892,0.18027336564194488,,,,,,,,
siglip2_so400m__svm_linear,siglip2_so400m,svm_linear,10,594,341,409,0.0792,0.7462230210407421,0.7910046989832683,0.2313334316859859,0.24533207100013601,2.920876662701842,3.0976271590926263,0.16521875726106205,0.18042144982638575,,,,,,,,
siglip2_so400m__svm_linear,siglip2_so400m,svm_linear,15,683,367,383,0.06071111111111111,0.7636862348898359,0.8126278791912888,0.19964460342651527,0.22973075166241425,3.2884360008027773,3.783998471745476,0.14791348429528692,0.1799442562886496,,,,,,,,
siglip2_so400m__svm_linear,siglip2_so400m,svm_linear,20,752,389,361,0.050133333333333335,0.7713975707538542,0.8269978821215669,0.19337588919971108,0.2198986357547871,3.857231832441045,4.386275979151338,0.15080280305977445,0.17872540260540473,,,,,,,,
siglip2_so400m__svm_linear,siglip2_so400m,svm_linear,25,803,398,352,0.042826666666666666,0.7682069867704269,0.8343270114348732,0.1747268090751977,0.2103236614793444,4.0798601122789,4.911044399424293,0.13780173121747127,0.17499128839013245,,,,,,,,
vit_base__gradient_boosting,vit_base,gradient_boosting,5,443,291,459,0.11813333333333334,0.7031886827792239,0.7443837922294934,0.2336357015563387,0.2608052629091524,1.9777288506462078,2.2077194941519673,0.1309748656898307,0.1617840144872457,,,,,,,,
vit_base__gradient_boosting,vit_base,gradient_boosting,10,594,341,409,0.0792,0.7217754586504752,0.7776790493992928,0.17484517897878865,0.22144143077497114,2.207641148722079,2.7959776613001406,0.10387182773543512,0.15447592395196694,,,,,,,,
vit_base__gradient_boosting,vit_base,gradient_boosting,15,683,367,383,0.06071111111111111,0.7387851536634227,0.7971023217810745,0.14552404733241056,0.19339893625726604,2.3969919948603495,3.1855608095084085,0.0902948360451991,0.14126412727304277,,,,,,,,
vit_base__gradient_boosting,vit_base,gradient_boosting,20,752,389,361,0.050133333333333335,0.7442040895855484,0.8041122512902147,0.12625820509025526,0.17433691440844085,2.518448239832219,3.4774650480407083,0.08014269205178473,0.13075896379327714,,,,,,,,
vit_base__gradient_boosting,vit_base,gradient_boosting,25,803,398,352,0.042826666666666666,0.7370641723551666,0.8029639437166624,0.10667348658830891,0.15214127815324555,2.490819269652294,3.5524893715732926,0.06670350886113513,0.11420565918389447,,,,,,,,
vit_base__knn,vit_base,knn,5,443,291,459,0.11813333333333334,0.5913220836550619,0.6568343639355878,0.16573577259542693,0.19320791218034877,1.4029551856272031,1.635507157282862,0.053979179689401566,0.08513143957553912,,,,,,,,
vit_base__knn,vit_base,knn,10,594,341,409,0.0792,0.6005255317081082,0.684360620394504,0.12747839342795397,0.1618678366995146,1.6095756745953784,2.043785816913063,0.05243092248908989,0.08977827617236599,,,,,,,,
vit_base__knn,vit_base,knn,15,683,367,383,0.06071111111111111,0.627295946175724,0.7072121265948398,0.11745126694214868,0.1482823811011491,1.9345926106869291,2.4424257502019437,0.06040756630066931,0.09323145522739923,,,,,,,,
vit_base__knn,vit_base,knn,20,752,389,361,0.050133333333333335,0.6174627836449464,0.7115162019753426,0.10527945775083655,0.13699020016580774,2.0999891838597717,2.7325172905413777,0.0580567003272423,0.09144111471695088,,,,,,,,
vit_base__knn,vit_base,knn,25,803,398,352,0.042826666666666666,0.6050207447679847,0.7127837181583714,0.09427745300880547,0.12820171855503334,2.201372657428521,2.9935021455876405,0.0537528413615146,0.08919497536673958,,,,,,,,
vit_base__logistic,vit_base,logistic,5,443,291,459,0.11813333333333334,0.6792612771880002,0.7134384208611463,0.21093114595224877,0.21780070668801632,1.785534531198494,1.8436854403613119,0.10522884708827725,0.11301864229817392,,,,,,,,
vit_base__logistic,vit_base,logistic,10,594,341,409,0.0792,0.6736986558098498,0.7346437148782936,0.14694710260729338,0.16418190991203152,1.8553927096880476,2.0730039130307008,0.07357417746230818,0.0922913878280099,,,,,,,,
vit_base__logistic,vit_base,logistic,15,683,367,383,0.06071111111111111,0.698083986355682,0.7641180636255223,0.12788299122874297,0.14815755088768767,2.1064182303416668,2.440369615646393,0.07151354701650028,0.09309855658999588,,,,,,,,
vit_base__logistic,vit_base,logistic,20,752,389,361,0.050133333333333335,0.696929089693712,0.7766022312202087,0.11712666796003786,0.13941503645979586,2.336303217287989,2.7808850357672044,0.07052919844192644,0.09399393226396252,,,,,,,,
vit_base__logistic,vit_base,logistic,25,803,398,352,0.042826666666666666,0.6822849771476258,0.7795993821853068,0.10492688650891134,0.1296164357890465,2.4500362665530355,3.026535704912356,0.0648787609094605,0.09067299108734729,,,,,,,,
vit_base__mil,vit_base,mil,5,443,291,459,0.11813333333333334,0.6606580439615297,0.6443087752158532,0.19609433413660043,0.1668857652546409,1.6599407517206581,1.4126898864670505,0.0884045216245091,0.05528322337614254,,,,,,,,
vit_base__mil,vit_base,mil,10,594,341,409,0.0792,0.7167231423889108,0.6880907247979359,0.16994395751555882,0.1335227703493361,2.1457570393378638,1.6858935650168698,0.09854904161116293,0.058995189345499674,,,,,,,,
vit_base__mil,vit_base,mil,15,683,367,383,0.06071111111111111,0.7471916044126043,0.7160562019303446,0.15995526487812606,0.11764991229285399,2.6346950657085184,1.9378645875470093,0.10565881800690057,0.06061905113036883,,,,,,,,
vit_base__mil,vit_base,mil,20,752,389,361,0.050133333333333335,0.7503749893802987,0.7315658618006858,0.1465429686807235,0.10508725770235237,2.923064534854857,2.0961554062969223,0.10149807202490543,0.0578543560875411,,,,,,,,
vit_base__mil,vit_base,mil,25,803,398,352,0.042826666666666666,0.7497971855082344,0.7366425397710056,0.13133215107283233,0.09320193661833549,3.0665975499571685,2.1762594166796894,0.09246547236951057,0.05262920329825545,,,,,,,,
vit_base__random_forest,vit_base,random_forest,5,443,291,459,0.11813333333333334,0.7094224355990111,0.7495107511872006,0.24179527886031757,0.2828255789651532,2.046799764618941,2.3941217181023124,0.1402274858561206,0.18675413399435273,,,,,,,,
vit_base__random_forest,vit_base,random_forest,10,594,341,409,0.0792,0.7345118371595921,0.7896778383311832,0.20127777203751146,0.25211868160756257,2.5413860105746395,3.1833166869641736,0.13257794530572486,0.1877917914938777,,,,,,,,
vit_base__random_forest,vit_base,random_forest,15,683,367,383,0.06071111111111111,0.7558876834404079,0.8152096758036049,0.197336609741309,0.24152025794326998,3.2504199993993064,3.9781887289338025,0.1454563130112356,0.19249577948914426,,,,,,,,
vit_base__random_forest,vit_base,random_forest,20,752,389,361,0.050133333333333335,0.7585269588378715,0.8236204017435818,0.17008770287947364,0.2280330276859017,3.3927068393512028,4.5485311373517625,0.12628548169512244,0.18728912235320927,,,,,,,,
vit_base__random_forest,vit_base,random_forest,25,803,398,352,0.042826666666666666,0.7507834590401657,0.8280190024023274,0.14865211002880607,0.21717305019010047,3.47101751312592,5.070977199332981,0.11056037571962522,0.1821471382996815,,,,,,,,
vit_base__svm_linear,vit_base,svm_linear,5,443,291,459,0.11813333333333334,0.6600974165117582,0.714638420042034,0.2189869035868187,0.25133135669399875,1.8537266104979007,2.1275227711117273,0.11436374008181736,0.15104100018218786,,,,,,,,
vit_base__svm_linear,vit_base,svm_linear,10,594,341,409,0.0792,0.6676555681461749,0.7422050898013829,0.15320545415510795,0.21677197375619928,1.9344122999382314,2.7370198706590814,0.08037082336566892,0.14940483683340497,,,,,,,,
vit_base__svm_linear,vit_base,svm_linear,15,683,367,383,0.06071111111111111,0.6918435187498955,0.7674816665214129,0.1326742861696941,0.20007785494889682,2.1853378029415205,3.295572281369091,0.07661452819239696,0.14837473910997345,,,,,,,,
vit_base__svm_linear,vit_base,svm_linear,20,752,389,361,0.050133333333333335,0.6944039824432702,0.7788434005668582,0.11618637440915973,0.18816305601951866,2.317547361884835,3.7532524471978457,0.06953927682042363,0.14531483999808956,,,,,,,,
vit_base__svm_linear,vit_base,svm_linear,25,803,398,352,0.042826666666666666,0.6748618039557225,0.785831999728549,0.10107240852515174,0.17972905827867575,2.3600344456371047,4.19666231970756,0.06085182258018584,0.14302779532652643,,,,,,,,
